Workbook

Sheet Estimation>>>
B2: CJ제일제당 Valuation & Estimation Logic
B10: RFS Research Team 2 이재원

Sheet Valuation
A1: CJ제일제당(097950.KQ)
A2: Peer PER Valuation Sheet
A3: (units in KRW )
B5: P/E Valuation
B6: 구분 | D6: 단위 | E6: 비고
B7: 26E 당기순이익 | C7: ='Expected IS'!Q23 -> 7263.7808 | D7: 억원 | E7: (A) 연결 기준
B8: 발행주식수 | C8: 14696879 | D8: 주 | E8: (B)
B9: 26E EPS | C9: =C7/C8*10^8 -> 49423.968 | D9: 원 | E9: (C) = (A) ÷ (B)
B10: Target P/E | C10: =H10 -> 7.3 | D10: (배) | E10: (D) | G10: 대상 PER | H10: 7.3
B11: 적정주가 | C11: =C9*C10 -> 360794.97 | D11: 원 | E11: (E) = (C) × (D)
B13: 목표주가 | C13: =ROUND(C11,-2) -> 360800 | D13: 원 | E13: '26E 목표주가
B14: 현재주가 | C14: 241500 | D14: 원 | E14: 25.09.03 종가
B15: 상승여력 | C15: =(C13-C14)/C14*100 -> 49.399586 | D15: %

Sheet Expected IS
A1: CJ제일제당(097950.KQ)
A2: Expected IS Sheet
A3: (units in KRW )
A6: ` | B6: 단위: 억원 | D6: 1Q24 | E6: 2Q24 | F6: 3Q24 | G6: 4Q24 | H6: 1Q25 | I6: 2Q25 | J6: 3Q25E | K6: 4Q25E | L6: 1Q26E | M6: 2Q26E | N6: 3Q26E | O6: 4Q26E | P6: 2025E | Q6: 2026E
B7: 전체 매출액 | D7: =BS!G10 -> 72159.605 | E7: =BS!H10 -> 72386.746 | F7: =BS!I10 -> 74142.785 | G7: =BS!J10 -> 74901.682 | H7: =BS!K10 -> 72084.711 | I7: =BS!L10 -> 72371.758 | J7: ='사업부별 매출추정'!J7 -> 74967.109 | K7: ='사업부별 매출추정'!K7 -> 75880.374 | L7: ='사업부별 매출추정'!L7 -> 76877.918 | M7: ='사업부별 매출추정'!M7 -> 78008.52 | N7: ='사업부별 매출추정'!N7 -> 79063.758 | O7: ='사업부별 매출추정'!O7 -> 80167.161 | P7: =SUM(H7:K7) -> 295303.95 | Q7: =SUM(L7:O7) -> 314117.36
B8: 매출원가 | D8: =BS!G13 -> 56035.548 | E8: =BS!H13 -> 56088.673 | F8: =BS!I13 -> 57631.369 | G8: =BS!J13 -> 58918.279 | H8: =BS!K13 -> 56228.288 | I8: =BS!L13 -> 56729.923 | J8: =J$7*J9 -> 58474.345 | K8: =K$7*K9 -> 59186.692 | L8: =L$7*L9 -> 59964.776 | M8: =M$7*M9 -> 60846.646 | N8: =N$7*N9 -> 61669.731 | O8: =O$7*O9 -> 62530.385 | P8: =SUM(H8:K8) -> 230619.25 | Q8: =SUM(L8:O8) -> 245011.54
B9: (%) | D9: =D8/D7 -> 0.77655009 | E9: =E8/E7 -> 0.77484728 | F9: =F8/F7 -> 0.77730246 | G9: =G8/G7 -> 0.78660823 | H9: =H8/H7 -> 0.78003072 | I9: =I8/I7 -> 0.78386825 | J9: 0.78 | K9: 0.78 | L9: 0.78 | M9: 0.78 | N9: 0.78 | O9: 0.78 | P9: =P8/P7 -> 0.78095551 | Q9: =Q8/Q7 -> 0.78 | S9: 직전 3개 분기간 큰 변동이 없으므로, 78% flat 적용.
B10: 매출총이익 | D10: =BS!G14 -> 16124.058 | E10: =BS!H14 -> 16298.073 | F10: =BS!I14 -> 16511.416 | G10: =BS!J14 -> 15983.403 | H10: =BS!K14 -> 15856.422 | I10: =BS!L14 -> 15641.835 | J10: =J$7*J11 -> 16492.764 | K10: =K$7*K11 -> 16693.682 | L10: =L$7*L11 -> 16913.142 | M10: =M$7*M11 -> 17161.874 | N10: =N$7*N11 -> 17394.027 | O10: =O$7*O11 -> 17636.775 | P10: =SUM(H10:K10) -> 64684.703 | Q10: =SUM(L10:O10) -> 69105.819
B11: GPM(%) | D11: =D10/D7 -> 0.22344991 | E11: =E10/E7 -> 0.22515272 | F11: =F10/F7 -> 0.22269754 | G11: =G10/G7 -> 0.21339177 | H11: =H10/H7 -> 0.21996928 | I11: =I10/I7 -> 0.21613175 | J11: 0.22 | K11: 0.22 | L11: 0.22 | M11: 0.22 | N11: 0.22 | O11: 0.22 | P11: =P10/P7 -> 0.21904449 | Q11: =Q10/Q7 -> 0.22 | S11: 직전 3개 분기간 큰 변동이 없으므로, 22% flat 적용.
B12: 판매비와 관리비 | D12: =BS!G15 -> 12364.616 | E12: =BS!H15 -> 12502.416 | F12: =BS!I15 -> 12349.48 | G12: =BS!J15 -> 12170.26 | H12: =BS!K15 -> 12524.743 | I12: =BS!L15 -> 12110.535 | J12: =J$7*J13 -> 12744.409 | K12: =K$7*K13 -> 12899.664 | L12: =L$7*L13 -> 13069.246 | M12: =M$7*M13 -> 13261.448 | N12: =N$7*N13 -> 13440.839 | O12: =O$7*O13 -> 13628.417 | P12: =SUM(H12:K12) -> 50279.35 | Q12: =SUM(L12:O12) -> 53399.951
B13: (%) | D13: =D12/D7 -> 0.17135094 | E13: =E12/E7 -> 0.17271693 | F13: =F12/F7 -> 0.16656348 | G13: =G12/G7 -> 0.16248313 | H13: =H12/H7 -> 0.17375034 | I13: =I12/I7 -> 0.16733786 | J13: 0.17 | K13: 0.17 | L13: 0.17 | M13: 0.17 | N13: 0.17 | O13: 0.17 | P13: =P12/P7 -> 0.17026304 | Q13: =Q12/Q7 -> 0.17 | S13: 직전 3개 분기간 큰 변동이 없으므로, 17% flat 적용.
B14: 영업이익 | D14: =BS!G24 -> 3759.4415 | E14: =BS!H24 -> 3795.6567 | F14: =BS!I24 -> 4161.9355 | G14: =BS!J24 -> 3813.1427 | H14: =BS!K24 -> 3331.6794 | I14: =BS!L24 -> 3531.2996 | J14: =J$7*J15 -> 3748.3555 | K14: =K$7*K15 -> 3794.0187 | L14: =L$7*L15 -> 3843.8959 | M14: =M$7*M15 -> 3900.426 | N14: =N$7*N15 -> 3953.1879 | O14: =O$7*O15 -> 4008.358 | P14: =SUM(H14:K14) -> 14405.353 | Q14: =SUM(L14:O14) -> 15705.868
B15: OPM(%) | D15: =D14/D7 -> 0.052098976 | E15: =E14/E7 -> 0.052435797 | F15: =F14/F7 -> 0.056134059 | G15: =G14/G7 -> 0.050908639 | H15: =H14/H7 -> 0.046218947 | I15: =I14/I7 -> 0.048793891 | J15: 0.05 | K15: 0.05 | L15: 0.05 | M15: 0.05 | N15: 0.05 | O15: 0.05 | P15: =P14/P7 -> 0.048781444 | Q15: =Q14/Q7 -> 0.05 | S15: 직전 3개 분기간 큰 변동이 없으므로, 5% flat 적용.
B16: 금융수익 | D16: =BS!G25 -> 1446.9507 | E16: =BS!H25 -> 1667.294 | F16: =BS!I25 -> 446.39028 | G16: =BS!J25 -> 3055.8259 | H16: =BS!K25 -> 1635.5836 | I16: =BS!L25 -> 1957.1754 | J16: =AVERAGE(G16:I16) -> 2216.1949 | K16: =AVERAGE(H16:J16) -> 1936.318 | L16: =AVERAGE(I16:K16) -> 2036.5628 | M16: =AVERAGE(J16:L16) -> 2063.0252 | N16: =AVERAGE(K16:M16) -> 2011.9686 | O16: =AVERAGE(L16:N16) -> 2037.1855 | P16: =SUM(H16:K16) -> 7745.2718 | Q16: =SUM(L16:O16) -> 8148.7422 | S16: 경향성이 존재하지 않는다고 판단, 직전 3개분기 avg 적용.
B17: 금융비용 | D17: =BS!G37*-1 -> -2979.2818 | E17: =BS!H37*-1 -> -3309.6604 | F17: =BS!I37*-1 -> -1465.1976 | G17: =BS!J37*-1 -> -4583.31 | H17: =BS!K37*-1 -> -2750.3285 | I17: =BS!L37*-1 -> -2726.8654 | J17: =AVERAGE(G17:I17) -> -3353.5013 | K17: =AVERAGE(H17:J17) -> -2943.5651 | L17: =AVERAGE(I17:K17) -> -3007.9773 | M17: =AVERAGE(J17:L17) -> -3101.6812 | N17: =AVERAGE(K17:M17) -> -3017.7412 | O17: =AVERAGE(L17:N17) -> -3042.4666 | P17: =SUM(H17:K17) -> -11774.26 | Q17: =SUM(L17:O17) -> -12169.866 | S17: 경향성이 존재하지 않는다고 판단, 직전 3개분기 avg 적용.
B18: 기타수익 | D18: =BS!G48 -> 597.52684 | E18: =BS!H48 -> 350.58561 | F18: =BS!I48 -> 317.03588 | G18: =BS!J48 -> 535.32027 | H18: =BS!K48 -> 271.7499 | I18: =BS!L48 -> 309.53335 | J18: =AVERAGE(G18:I18) -> 372.20117 | K18: =AVERAGE(H18:J18) -> 317.82814 | L18: =AVERAGE(I18:K18) -> 333.18755 | M18: =AVERAGE(J18:L18) -> 341.07229 | N18: =AVERAGE(K18:M18) -> 330.696 | O18: =AVERAGE(L18:N18) -> 334.98528 | P18: =SUM(H18:K18) -> 1271.3126 | Q18: =SUM(L18:O18) -> 1339.9411 | S18: 경향성이 존재하지 않는다고 판단, 직전 3개분기 avg 적용.
B19: 기타비용 | D19: =BS!G65*-1 -> -801.48927 | E19: =BS!H65*-1 -> -537.56424 | F19: =BS!I65*-1 -> -791.64064 | G19: =BS!J65*-1 -> -3637.4883 | H19: =BS!K65*-1 -> -722.4532 | I19: =BS!L65*-1 -> -795.83748 | J19: =AVERAGE(G19:I19) -> -1718.593 | K19: =AVERAGE(H19:J19) -> -1078.9612 | L19: =AVERAGE(I19:K19) -> -1197.7972 | M19: =AVERAGE(J19:L19) -> -1331.7838 | N19: =AVERAGE(K19:M19) -> -1202.8474 | O19: =AVERAGE(L19:N19) -> -1244.1428 | P19: =SUM(H19:K19) -> -4315.8449 | Q19: =SUM(L19:O19) -> -4976.5713 | S19: 경향성이 존재하지 않는다고 판단, 직전 3개분기 avg 적용.
B20: 종속,공동지배,관계기업손익 | D20: =BS!G78 -> 52.72574 | E20: =BS!H78 -> 44.12137 | F20: =BS!I78 -> 47.57909 | G20: =BS!J78 -> 119.37414 | H20: =BS!K78 -> 54.0696 | I20: =BS!L78 -> 101.0861 | J20: =AVERAGE(G20:I20) -> 91.509947 | K20: =AVERAGE(H20:J20) -> 82.221882 | L20: =AVERAGE(I20:K20) -> 91.605976 | M20: =AVERAGE(J20:L20) -> 88.445935 | N20: =AVERAGE(K20:M20) -> 87.424598 | O20: =AVERAGE(L20:N20) -> 89.158836 | P20: =SUM(H20:K20) -> 328.88753 | Q20: =SUM(L20:O20) -> 356.63535 | S20: 경향성이 존재하지 않는다고 판단, 직전 3개분기 avg 적용.
B21: 법인세차감전순이익 | D21: =BS!G83 -> 2075.8737 | E21: =BS!H83 -> 2010.433 | F21: =BS!I83 -> 2716.1025 | G21: =BS!J83 -> -697.13523 | H21: =BS!K83 -> 1820.3007 | I21: =BS!L83 -> 2376.3915 | J21: =J14+SUM(J16:J20) -> 1356.1672 | K21: =K14+SUM(K16:K20) -> 2107.8604 | L21: =L14+SUM(L16:L20) -> 2099.4777 | M21: =M14+SUM(M16:M20) -> 1959.5044 | N21: =N14+SUM(N16:N20) -> 2162.6885 | O21: =O14+SUM(O16:O20) -> 2183.0783 | P21: =SUM(H21:K21) -> 7660.7198 | Q21: =SUM(L21:O21) -> 8404.7489
B22: 법인세비용 | D22: =BS!G84 -> 529.60247 | E22: =BS!H84 -> 571.1702 | F22: =BS!I84 -> 593.81806 | G22: =BS!J84 -> 792.32775 | H22: =BS!K84 -> 1246.4143 | I22: =BS!L84 -> 285.24204 | J22: =I22 -> 285.24204 | K22: =J22 -> 285.24204 | L22: =K22 -> 285.24204 | M22: =L22 -> 285.24204 | N22: =M22 -> 285.24204 | O22: =N22 -> 285.24204 | P22: =SUM(H22:K22) -> 2102.1404 | Q22: =SUM(L22:O22) -> 1140.9682 | S22: 경향성이 존재하지 않는다고 판단, 직전 분기 flat 적용.
B23: 당기순이익 | D23: =BS!G89 -> 1546.2713 | E23: =BS!H89 -> 1439.2628 | F23: =BS!I89 -> 2122.2845 | G23: =BS!J89 -> -1489.463 | H23: =BS!K89 -> 573.8864 | I23: =BS!L89 -> 2091.1495 | J23: =J21-J22 -> 1070.9252 | K23: =K21-K22 -> 1822.6183 | L23: =L21-L22 -> 1814.2356 | M23: =M21-M22 -> 1674.2624 | N23: =N21-N22 -> 1877.4465 | O23: =O21-O22 -> 1897.8363 | P23: =SUM(H23:K23) -> 5558.5794 | Q23: =SUM(L23:O23) -> 7263.7808
B24: (%) | D24: =D23/D7 -> 0.021428488 | E24: =E23/E7 -> 0.019882961 | F24: =F23/F7 -> 0.028624288 | G24: =G23/G7 -> -0.019885575 | H24: =H23/H7 -> 0.0079612777 | I24: =I23/I7 -> 0.028894552 | J24: =J23/J7 -> 0.014285267 | K24: =K23/K7 -> 0.024019628 | ... Q24: =Q23/Q7 -> 0.023124417

Sheet 사업부별 매출추정
A1: CJ제일제당(097950.KQ)
A2: Assumption Sheet
A3: (units in KRW )
C6: 단위: 억원 | D6: 1Q24 | E6: 2Q24 | F6: 3Q24 | G6: 4Q24 | H6: 1Q25 | I6: 2Q25 | J6: 3Q25E | K6: 4Q25E | L6: 1Q26E | M6: 2Q26E | N6: 3Q26E | O6: 4Q26E
C7: 전체 매출액 | D7: =BS!G10 -> 72159.605 | E7: =BS!H10 -> 72386.746 | F7: =BS!I10 -> 74142.785 | G7: =BS!J10 -> 74901.682 | H7: =BS!K10 -> 72084.711 | I7: =BS!L10 -> 72371.758 | J7: =J9+J16+J18+J20 -> 74967.109 | K7: =K9+K16+K18+K20 -> 75880.374 | L7: =L9+L16+L18+L20 -> 76877.918 | M7: =M9+M16+M18+M20 -> 78008.52 | N7: =N9+N16+N18+N20 -> 79063.758 | O7: =O9+O16+O18+O20 -> 80167.161
C9: 식품 | D9: =D10+D13+D14 -> 28315 | E9: =E10+E13+E14 -> 27051 | F9: =F10+F13+F14 -> 29721 | G9: =G10+G13+G14 -> 28443 | H9: =H10+H13+H14 -> 29246 | I9: =I10+I13+I14 -> 26873 | J9: =J10+J13+J14 -> 27433.878 | K9: =K10+K13+K14 -> 28006.8 | ... O9: =O10+O13+O14 -> 30424.325
C10: 국내 | D10: 14563 | E10: 13807 | F10: 15690 | G10: 13656 | H10: 14365 | I10: 13185 | J10: =J11+J12 -> 13414.066 | K10: =K11+K12 -> 13647.111 | L10: =L11+L12 -> 13884.205 | M10: =M11+M12 -> 14125.417 | N10: =N11+N12 -> 14370.821 | O10: =O11+O12 -> 14620.488 | Q10: 식품산업통계정보에서 산출한 식품제조업 과거 5개년 매출액 CAGR을 분기로 계산하여 성장치 적용.
C11: 가공 | D11: 10217 | E11: 8668 | F11: 10557 | G11: 9286 | H11: 9994.16 | I11: 8407 | J11: =I11*(1+$P$11) -> 8553.0564 | K11: =J11*(1+$P$11) -> 8701.6503 | L11: =K11*(1+$P$11) -> 8852.8257 | M11: =L11*(1+$P$11) -> 9006.6276 | N11: =M11*(1+$P$11) -> 9163.1014 | O11: =N11*(1+$P$11) -> 9322.2937 | P11: =(9.11)^0.25/100 -> 0.017373191
C12: 소재 | D12: 4346 | E12: 5139 | F12: 5133 | G12: 4370 | H12: 4370.96 | I12: 4778 | J12: =I12*(1+$P$11) -> 4861.0091 | K12: =J12*(1+$P$11) -> 4945.4603 | L12: =K12*(1+$P$11) -> 5031.3788 | M12: =L12*(1+$P$11) -> 5118.7899 | N12: =M12*(1+$P$11) -> 5207.7196 | O12: =N12*(1+$P$11) -> 5298.1943 | P12: =(9.11)^0.25/100 -> 0.017373191
C13: 미주 | D13: 11751 | E13: 11149 | F13: 11744 | G13: 12494 | H13: 12470 | I13: 11120 | J13: =I13*(1+$P$13) -> 11396.105 | K13: =J13*(1+$P$13) -> 11679.066 | L13: =K13*(1+$P$13) -> 11969.053 | M13: =L13*(1+$P$13) -> 12266.24 | N13: =M13*(1+$P$13) -> 12570.807 | O13: =N13*(1+$P$13) -> 12882.935 | P13: =(1.33^0.25-1)*0.42*0.8 -> 0.024829626 | Q13: 미국 지역의 만두시장에 동사의 평균 M/S를 곱한 후, 할인율 20%를 적용
C14: 아태/유럽/기타 | D14: 2001 | E14: 2095 | F14: 2287 | G14: 2293 | H14: 2411 | I14: 2568 | J14: =I14*(1+$P$14) -> 2623.7071 | K14: =J14*(1+$P$14) -> 2680.6226 | L14: =K14*(1+$P$14) -> 2738.7728 | M14: =L14*(1+$P$14) -> 2798.1844 | N14: =M14*(1+$P$14) -> 2858.8849 | O14: =N14*(1+$P$14) -> 2920.9021 | P14: =(1.3^0.25-1)*0.4*0.8 -> 0.021692791 | Q14: 유럽 지역의 만두시장에 동사의 평균 M/S를 곱한 후, 할인율 20%를 적용.
C16: BIO | D16: 10216 | E16: 10564 | F16: 10694 | G16: 10621 | H16: 8954 | I16: 10798 | J16: =I16*(1+$P$16) -> 10986.566 | K16: =J16*(1+$P$16) -> 11178.426 | L16: =K16*(1+$P$16) -> 11373.635 | M16: =L16*(1+$P$16) -> 11572.254 | N16: =M16*(1+$P$16) -> 11774.341 | O16: =N16*(1+$P$16) -> 11979.957 | P16: =(9.3)^0.25/100 -> 0.017463076 | Q16: IMARC 그룹의 바이오 의약품 제조 시장 CAGR을 분기로 계산하여 성장치 적용.
C18: F&C | D18: 5911 | E18: 5699 | F18: 5789 | G18: 5686 | H18: 5425 | I18: 5553 | J18: =I18*(1+$P$18) -> 5644.2764 | K18: =J18*(1+$P$16) -> 5742.8428 | L18: =K18*(1+$P$16) -> 5843.1305 | M18: =L18*(1+$P$16) -> 5945.1695 | N18: =M18*(1+$P$16) -> 6048.9905 | O18: =N18*(1+$P$16) -> 6154.6245 | P18: =(7.3)^0.25/100 -> 0.016437309 | Q18: Future Market Insights에서 산출한 동물 사료 시장 CAGR을 분기로 계산하여 성장치 적용.
C20: CJ대한통운 | D20: 29214 | E20: 30592 | F20: 29758 | G20: 31603 | H20: 29926 | I20: 30484 | J20: =SUM(J21:J24) -> 30902.389 | K20: =SUM(K21:K24) -> 30952.306 | L20: =SUM(L21:L24) -> 31069.122 | M20: =SUM(M21:M24) -> 31301.255 | N20: =SUM(N21:N24) -> 31439.914 | O20: =SUM(O21:O24) -> 31608.254
C21: CL사업 | D21: 6968 | E21: 7371 | F21: 7684 | G21: 7834 | H21: 8762 | I21: 8334 | J21: =AVERAGE(G21:I21) -> 8310 | K21: =AVERAGE(H21:J21) -> 8468.6667 | L21: =AVERAGE(I21:K21) -> 8370.8889 | M21: =AVERAGE(J21:L21) -> 8383.1852 | N21: =AVERAGE(K21:M21) -> 8407.5802 | O21: =AVERAGE(L21:N21) -> 8387.2181 | Q21: 특별한 경향성이 없으로 직전 3개 분기 avg flat 적용.
C22: 택배사업 | D22: 9370 | E22: 9427 | F22: 8982 | G22: 9510 | H22: 8135 | I22: 9076 | J22: =I22*(1+$P$22) -> 9138.3885 | K22: =J22*(1+$P$16) -> 9297.9729 | L22: =K22*(1+$P$16) -> 9460.3441 | M22: =L22*(1+$P$16) -> 9625.5508 | N22: =M22*(1+$P$16) -> 9793.6425 | O22: =N22*(1+$P$16) -> 9964.6697 | P22: =(AVERAGE(F43:F47))^0.2/100 -> 0.0068740131 | Q22: 코로나 전후의 상황을 모두 포함하기 위하여 국내 택배시장 물동량의 직전 5개년 성장률의 평균을 구한 후, 분기로 계산하여 성장치 적용.
C23: 글로벌사업 | D23: 10763 | E23: 11239 | F23: 10985 | G23: 11343 | H23: 11430 | I23: 11027 | J23: =AVERAGE(G23:I23) -> 11266.667 | K23: =AVERAGE(H23:J23) -> 11241.222 | L23: =AVERAGE(I23:K23) -> 11178.296 | M23: =AVERAGE(J23:L23) -> 11228.728 | N23: =AVERAGE(K23:M23) -> 11216.082 | O23: =AVERAGE(L23:N23) -> 11207.702 | Q23: 특별한 경향성이 없으로 직전 3개 분기 avg flat 적용.
C24: 건설사업 | D24: 2114 | E24: 2555 | F24: 2107 | G24: 2916 | H24: 1599 | I24: 2047 | J24: =AVERAGE(G24:I24) -> 2187.3333 | K24: =AVERAGE(H24:J24) -> 1944.4444 | L24: =AVERAGE(I24:K24) -> 2059.5926 | M24: =AVERAGE(J24:L24) -> 2063.7901 | N24: =AVERAGE(K24:M24) -> 2022.6091 | O24: =AVERAGE(L24:N24) -> 2048.6639 | Q24: 특별한 경향성이 없으로 직전 3개 분기 avg flat 적용.
C26: 연결조정 | D26: -1496.3945 | E26: -1519.2539 | F26: -1819.2151 | G26: -1451.3182 | H26: -1466.2894 | I26: -1336.2423 | Q26: 추정을 적용한 분기에서는 연결조정 무시.
D28: 미국 지역 식품 시장 지표 | G28: 유럽 지역 식품 시장 지표
D29: 만두시장 CAGR | E29: 0.33 | G29: 만두시장 CAGR | H29: 0.3
D30: 동사 평균 M/S | E30: 0.42 | G30: 동사 평균 M/S | H30: 0.4
D31: 할인율 | E31: 0.2 | G31: 할인율 | H31: 0.2
D34: 국내 택배시장 물동량 추이
D35: 단위: 만 박스 | E35: 물동량 | F35: YoY
D36: 2012년 | E36: 140598 | F36: 0.082
D37: 2013년 | E37: 150931 | F37: 0.073
D38: 2014년 | E38: 162325 | F38: 0.075
D39: 2015년 | E39: 181596 | F39: 0.1187
D40: 2016년 | E40: 204666 | F40: 0.127
D41: 2017년 | E41: 231946 | F41: 0.1333
D42: 2018년 | E42: 254278 | F42: 0.096
D43: 2019년 | E43: 278980 | F43: 0.0972
D44: 2020년 | E44: 337373 | F44: 0.2093
D45: 2021년 | E45: 362967 | F45: 0.0759
D46: 2022년 | E46: 421221 | F46: 0.1605
D47: 2023년 | E47: 515785 | F47: 0.2245
G1048560: 7834

Sheet RAWDATA>>>
B2: CJ제일제당 RAW DATA
B10: RFS Research Team 2 이재원

Sheet IS
A1: Financial Statements
A2: Company | B2: A097950(CJ제일제당) - Fiscal Month:12, 201103부터 IFRS 적용
A3: Type | B3: 연결 | C3: Accounting Std. | D3: IFRS
A4: Report | B4: 재무상태표 | C4: New
A5: Form | B5: 약식(COMPARE)
A6: Output | B6: 결산 | C6: 억원
A7: Fiscal Year | B7: 2021 | C7: Current
A8: 계정코드 | B8: 계정명 | C8: 단위 | D8: 202112 | E8: 202212 | F8: 202312 | G8: 202403(1Q) | H8: 202406(2Q) | I8: 202409(3Q) | J8: 202412(4Q) | K8: 202503(1Q) | L8: 202506(2Q)
D9: IFRS(연결) | E9: IFRS(연결) | F9: IFRS(연결) | G9: IFRS(연결) | H9: IFRS(연결) | I9: IFRS(연결) | J9: IFRS(연결) | K9: IFRS(연결) | L9: IFRS(연결)
A10: 4001190010 | B10: 자산(*) | C10: 억원 | D10: 268558.04 | E10: 300132.42 | F10: 296062.8 | G10: 302660.23 | H10: 301842.27 | I10: 289415.54 | J10: 301499.97 | K10: 302565.92 | L10: 296581.92
A11: 4001190240 | B11: 유동자산(*) | C11: 억원 | D11: 77256.009 | E11: 97880.441 | F11: 95802.376 | G11: 100480.53 | H11: 98972.012 | I11: 91931.751 | J11: 94942.534 | K11: 96195.497 | L11: 88266.658
A12: 4001190250 | B12: 재고자산(*) | C12: 억원 | D12: 23382.515 | E12: 32014.464 | F12: 26494.057 | G12: 27671.653 | H12: 27610.196 | I12: 24490.356 | J12: 24285.442 | K12: 25869.288 | L12: 27311.286
A13: 4001190260 | B13: 유동생물자산(*) | C13: 억원 | D13: 1966.4961 | E13: 2281.5993 | F13: 1669.4618 | G13: 1598.4043 | H13: 1738.5208 | I13: 1613.8352 | J13: 1547.942 | K13: 1627.4473 | L13: 1541.8248
A14: 4001190270 | B14: 유동금융자산(*) | C14: 억원 | D14: 3247.1759 | E14: 6029.4772 | F14: 3383.1615 | G14: 7755.9068 | H14: 7301.312 | I14: 6370.6586 | J14: 6317.9977 | K14: 7315.768 | L14: 7389.3544
A15: 4001190300 | B15: 매출채권및기타유동채권(*) | C15: 억원 | D15: 29208.283 | E15: 31361.296 | F15: 29405.456 | G15: 26880.193 | H15: 28297.071 | I15: 27528.297 | J15: 32518.719 | K15: 28686.029 | L15: 30102.853
A16: 4001113900 | B16: 당기법인세자산(선급법인세) | C16: 억원 | D16: 0 | E16: 0 | F16: 0 | G16: 0 | H16: 0 | I16: 0 | J16: 0 | K16: 0 | L16: 0
A17: 4001180995 | B17: 계약자산(**) | C17: 억원 | D17: 3102.6357 | E17: 3049.2381 | F17: 2799.5718 | G17: 3741.4113 | H17: 3631.9493 | I17: 3832.292 | J17: 4136.8987 | K17: 4477.2989 | L17: 3817.2372
A18: 4001113903 | B18: 반품(환불)자산 | C18: 억원 | D18: 0 | E18: 0 | F18: 0 | G18: 0 | H18: 0 | I18: 0 | J18: 0 | K18: 0 | L18: 0
A19: 4001113904 | B19: 배출권 | C19: 억원 | D19: 0 | E19: 0 | F19: 0 | G19: 0 | H19: 0 | I19: 0 | J19: 0 | K19: 0 | L19: 0
A20: 4001190340 | B20: 기타유동자산(*) | C20: 억원 | D20: 5083.1392 | E20: 4884.0937 | F20: 4443.5946 | G20: 4825.3767 | H20: 4431.6166 | I20: 4618.8255 | J20: 3931.7303 | K20: 4522.1027 | L20: 5266.1612
A21: 4001190370 | B21: 현금및현금성자산(*) | C21: 억원 | D21: 10968.702 | E21: 17972.578 | F21: 18536.106 | G21: 17886.29 | H21: 15676.73 | I21: 14752.796 | J21: 12723.986 | K21: 13762.698 | L21: 12622.658
... A80: 4001130640 | B80: 비지배주주지분 | C80: 억원 | D80: 46932.748 | E80: 47733.124 | F80: 46283.948 | G80: 43618.944 | H80: 44400.387 | I80: 44203.258 | J80: 43793.212 | K80: 44075.918 | L80: 43209.335

Sheet BS
A1: Financial Statements
A2: Company | B2: A097950(CJ제일제당) - Fiscal Month:12, 201103부터 IFRS 적용
A3: Type | B3: 연결 | C3: Accounting Std. | D3: IFRS
A4: Report | B4: 손익계산서 | C4: New
A5: Form | B5: 약식(COMPARE)
A6: Output | B6: 결산 | C6: 억원
A7: Fiscal Year | B7: 2021 | C7: Current
A8: 계정코드 | B8: 계정명 | C8: 단위 | D8: 202112 | E8: 202212 | F8: 202312 | G8: 202403(1Q) | H8: 202406(2Q) | I8: 202409(3Q) | J8: 202412(4Q) | K8: 202503(1Q) | L8: 202506(2Q)
D9: IFRS(연결) | E9: IFRS(연결) | F9: IFRS(연결) | G9: IFRS(연결) | H9: IFRS(연결) | I9: IFRS(연결) | J9: IFRS(연결) | K9: IFRS(연결) | L9: IFRS(연결)
A10: 4001210000 | B10: 매출액(수익)(*) | C10: 억원 | D10: 262892.28 | E10: 300795.13 | F10: 290234.73 | G10: 72159.605 | H10: 72386.746 | I10: 74142.785 | J10: 74901.682 | K10: 72084.711 | L10: 72371.758
A11: 4001210010 | B11: *수출(*) | C11: 억원 | D11: 0 | E11: 0 | F11: 0 | G11: 0 | H11: 0 | I11: 0 | J11: 0 | K11: 0 | L11: 0
A12: 4001210020 | B12: *내수 | C12: 억원 | D12: 0 | E12: 0 | F12: 0 | G12: 0 | H12: 0 | I12: 0 | J12: 0 | K12: 0 | L12: 0
A13: 4001210320 | B13: 매출원가(*) | C13: 억원 | D13: 205071.37 | E13: 235247.39 | F13: 229708.96 | G13: 56035.548 | H13: 56088.673 | I13: 57631.369 | J13: 58918.279 | K13: 56228.288 | L13: 56729.923
A14: 4001210780 | B14: 매출총이익(손실) | C14: 억원 | D14: 57820.91 | E14: 65547.743 | F14: 60525.773 | G14: 16124.058 | H14: 16298.073 | I14: 16511.416 | J14: 15983.403 | K14: 15856.422 | L14: 15641.835
A15: 4001290000 | B15: 판매비와관리비(*) | C15: 억원 | D15: 42576.616 | E15: 48900.661 | F15: 47609.949 | G15: 12364.616 | H15: 12502.416 | I15: 12349.48 | J15: 12170.26 | K15: 12524.743 | L15: 12110.535
A16: 4001290010 | B16: 인건비(*) | C16: 억원 | D16: 15671.974 | E16: 17827.57 | F16: 18424.938 | G16: 4712.9626 | H16: 4757.8858 | I16: 4845.1958 | J16: 4553.1632 | K16: 4860.9653 | L16: 4756.3655
A17: 4001290020 | B17: 유무형자산상각비(*) | C17: 억원 | D17: 2921.1303 | E17: 3125.9735 | F17: 3454.1118 | G17: 807.10757 | H17: 910.322 | I17: 822.34582 | J17: 863.58204 | K17: 885.55441 | L17: 891.55097
A18: 4001211300 | B18: 연구개발비 | C18: 억원 | D18: 486.89469 | E18: 638.3114 | F18: 498.32662 | G18: 99.29371 | H18: 130.39978 | I18: 119.60166 | J18: 116.33867 | K18: 100.47942 | L18: 115.34812
A19: 4001211060 | B19: 광고선전비 | C19: 억원 | D19: 1759.4324 | E19: 2440.3664 | F19: 2052.3513 | G19: 462.11096 | H19: 754.8003 | I19: 844.05589 | J19: 14.53458 | K19: 568.13495 | L19: 599.8387
A20: 4001290040 | B20: 판매비(*) | C20: 억원 | D20: 10830.032 | E20: 13241.465 | F20: 12073.673 | G20: 3138.5812 | H20: 2989.7639 | I20: 3148.2234 | J20: 3097.1728 | K20: 3025.9709 | L20: 2810.2305
A21: 4001290090 | B21: 관리비(*) | C21: 억원 | D21: 9248.4575 | E21: 9568.8403 | F21: 9036.8378 | G21: 2601.7281 | H21: 2391.1882 | I21: 2009.0552 | J21: 2932.2665 | K21: 2528.7932 | L21: 2405.3465
... A103: 4001230150 | B103: (지배기업주주지분)희석주당순손익 | C103: 원 | D103: 0 | E103: 0 | F103: 0 | G103: 0 | H103: 0 | I103: 0 | J103: 0 | K103: 0 | L103: 0

Sheet CF
A1: Financial Statements
A2: Company | B2: A097950(CJ제일제당) - Fiscal Month:12, 201103부터 IFRS 적용
A3: Type | B3: 연결 | C3: Accounting Std. | D3: IFRS
A4: Report | B4: 현금흐름표 | C4: New
A5: Form | B5: 약식(COMPARE)
A6: Output | B6: 결산 | C6: 억원
A7: Fiscal Year | B7: 2021 | C7: Current
A8: 계정코드 | B8: 계정명 | C8: 단위 | D8: 202112 | E8: 202212 | F8: 202312 | G8: 202403(1Q) | H8: 202406(2Q) | I8: 202409(3Q) | J8: 202412(4Q) | K8: 202503(1Q) | L8: 202506(2Q)
D9: IFRS(연결) | E9: IFRS(연결) | F9: IFRS(연결) | G9: IFRS(연결) | H9: IFRS(연결) | I9: IFRS(연결) | J9: IFRS(연결) | K9: IFRS(연결) | L9: IFRS(연결)
A10: 4001390000 | B10: 영업활동으로인한현금흐름(간접법)(*) | C10: 억원 | D10: 16864.093 | E10: 16272.931 | F10: 24447.598 | G10: 1160.0765 | H10: 4523.6697 | I10: 8971.4978 | J10: 7897.2907 | K10: 3434.3803 | L10: 2750.6282
A11: 4001310010 | B11: *(직접법)총현금유입(*) | C11: 억원 | D11: 0 | E11: 0 | F11: 0 | G11: 0 | H11: 0 | I11: 0 | J11: 0 | K11: 0 | L11: 0
A12: 4001310100 | B12: *(직접법)총현금유출(*) | C12: 억원 | D12: 0 | E12: 0 | F12: 0 | G12: 0 | H12: 0 | I12: 0 | J12: 0 | K12: 0 | L12: 0
A13: 4001310190 | B13: 당기순손익 | C13: 억원 | D13: 8923.9321 | E13: 8026.7408 | F13: 5594.621 | G13: 1546.2713 | H13: 1404.4874 | I13: 2195.9714 | J13: -1528.3745 | K13: 573.8864 | L13: 2051.9555
A14: 4001310200 | B14: 법인세비용차감전계속사업이익 | C14: 억원 | D14: 0 | E14: 0 | F14: 0 | G14: 0 | H14: 0 | I14: 0 | J14: 0 | K14: 0 | L14: 0
A15: 4001390010 | B15: 현금유출이없는비용등가산(*) | C15: 억원 | D15: 26600.914 | E15: 31723.412 | F15: 30119.667 | G15: 8124.3333 | H15: 8269.2613 | I15: 6669.3894 | J15: 12454.832 | K15: 8675.9982 | L15: 7673.8295
A16: 4001390040 | B16: (현금유입이없는수익등차감)(*) | C16: 억원 | D16: 7037.8128 | E16: 8446.1619 | F16: 7390.8492 | G16: 1993.2463 | H16: 1820.7324 | I16: 727.02933 | J16: 3310.1115 | K16: 1890.0575 | L16: 2264.5557
A17: 4001390060 | B17: 영업활동으로인한자산부채변동(운전자본변동)(*) | C17: 억원 | D17: -6927.2579 | E17: -11342.804 | F17: -1549.2017 | G17: -6226.3614 | H17: -2426.8457 | I17: 1223.434 | J17: 670.59269 | K17: -3300.2546 | L17: -3287.3258
A18: 4001390070 | B18: 자산의감소(증가)(*) | C18: 억원 | D18: -8535.1201 | E18: -13683.997 | F18: 4795.777 | G18: -1639.4217 | H18: 596.14064 | I18: 2093.8659 | J18: 1401.6212 | K18: -1731.5417 | L18: -1307.909
A19: 4001390110 | B19: 부채의증가(감소)(*) | C19: 억원 | D19: 2808.9985 | E19: 4618.2741 | F19: -6268.1843 | G19: -3716.1416 | H19: -4532.138 | I19: -1058.6149 | J19: 1465.9562 | K19: -1116.1443 | L19: -1251.5004
A20: 4001312260 | B20: 정부보조금등의변동 | C20: 억원 | D20: 0 | E20: 0 | F20: 0 | G20: 0 | H20: 0 | I20: 0 | J20: 0 | K20: 0 | L20: 0
A21: 4001312270 | B21: 기타운전자본의변동 | C21: 억원 | D21: -1201.1363 | E21: -2277.0805 | F21: -76.79436 | G21: -870.79816 | H21: 1509.1517 | I21: 188.18303 | J21: -2196.9847 | K21: -452.56871 | L21: -727.91636
... A55: 4001340050 | B55: 기말현금및현금성자산 | C55: 억원 | D55: 10968.702 | E55: 17972.578 | F55: 18536.106 | G55: 17886.29 | H55: 16323.972 | I55: 14752.796 | J55: 12723.986 | K55: 13762.698 | L55: 12622.658
