Workbook
Name _MOD1: #REF!
Name _MOD1: #REF!
Name _MOD1: #REF!
Name \a: #N/A
Name \b: #N/A
Name \I: #REF!
Name \I: #REF!
Name \I: #REF!
Name \P: #REF!
Name A_K___s__Global__I_T: #REF!
Name Acc_payable_growth_fore: #REF!
Name Acc_Rec_growth_fore: #REF!
Name Accrued_compensation_growth_fore: #REF!
Name Accrued_expenses_growth_fore: #REF!
Name Accum_Cap_Expenses_growth_fore: #REF!
Name Accum_Goodwill_Amort_growth_fore: #REF!
Name Adj_net_oper_fore: #REF!
Name AveSize: #REF!
Name BS_C: #REF!
Name Cash_fore: #REF!
Name Cash_growth_fore: #REF!
Name Cash_operating_taxes_fore: #REF!
Name CDS: #REF!
Name CE_C: #REF!
Name CF_C: #REF!
Name CFormats: #REF!
Name codeDestination: #REF!
Name CODELK_Path: #REF!
Name ColumnHeading: #REF!
Name Comdty: #REF!
Name Corp: #REF!
Name CR3RT: #REF!
Name CR3RTDK: #REF!
Name CR5RTDK: #REF!
Name CTopics: #REF!
Name Cur: #REF!
Name Customer_deposits_growth_fore: #REF!
Name Debt_Market_Cap_Ratio: #REF!
Name Deferred_tax_asset_growth_fore: #REF!
Name Deferred_tax_liability_growth_fore: #REF!
Name Dep_margin_fore: #REF!
Name Depreciation_fore: #REF!
Name DetailColumns: #REF!
Name DnA_fore: #REF!
Name DnA_growth_fore: #REF!
Name DR: #REF!
Name DSDDE_Path: #REF!
Name EBIT_fore: #REF!
Name EBIT_margin_fore: #REF!
Name EBITA_fore: #REF!
Name EBITDA_fore: #REF!
Name EBITDA_margin_fore: #REF!
Name Excel_Version: #REF!
Name Expl_forecast_1st_yr: #REF!
Name Expl_forecast_2nd_yr: #REF!
Name Expl_forecast_3rd_yr: #REF!
Name ExtFiles: #REF!
Name Fixed_asset_turns_fore: #REF!
Name Formats: #REF!
Name FR_COM_ABBR: " "

Sheet Valuation ▶
A1: 현대건설(000720.KS)- Implied PBR & Historical EV/Backlog
A8: TEAM 현대전설
C17: RFS 정식 회원 외 본 가치평가 모델의 무단 사용 및 수정을 금하며, 본 양식의 원 저작권은 중앙대학교 R.F.S. 학회에 있음을 밝힙니다.
C18: 원 제작자: 28기 김 건 (zzkan103@gmail.com)
C19: 1st Version: 2021.03.02

Sheet Implied PBR
A1: 현대건설(000720.KS)
A2: Implied PBR Valuation Sheet
A3: (In KRW Billions)
B5: 현대건설 Implied PBR Valuation | G5: 25년 Fwd BPS
B6: 구분 | D6: 단위 | E6: 비고 | G6: 25E 자본 | H6: ='Expected BS'!F61 -> 10377.153
B7: 25년 Fwd BPS | C7: =H10 -> 93189.185 | D7: 원 | E7: (A) | G7: 발행주식수 | H7: =H8+H9 -> 112410458
B8: Target PBR | C8: =(C9-C14)/(C10-C14) -> 1.1619641 | D8: (배) | E8: (B) = {(C)-(J)/(D)-(J)} | G8: 보통주 | H8: 111355765
B9: Sustainable ROE | C9: ='Expected BS'!J76*100 -> 7.5350502 | D9: % | E9: (C) 25~29년 평균 ROE | G9: 우선주 | H9: 1054693
B10: COE | C10: =H14 -> 6.484753 | D10: % | E10: (D) = (G)+{(H)-(G)}*(I) | G10: 25E BPS | H10: =H6/H8*1000000000 -> 93189.185
B11: 무위험수익률 | C11: =H15 -> 2.811 | D11: % | E11: (E)
B12: 시장기대수익률 | C12: =H16 -> 7 | D12: % | E12: (F)
B13: 조정 베타 | C13: =H17 -> 0.877 | E13: (G) | G13: COE Estimation Logic
B14: Terminal Growth | C14: =H18 -> 0 | D14: % | E14: (H) | G14: COE | H14: =H15+(H16-H15)*H17 -> 6.484753 | I14: % | J14: (D) = (G)+{(H)-(G)}*(I)
B15: 적정주가 | C15: =C7*C8 -> 108282.49 | D15: 원 | E15: (I) = (A)*(B) | G15: 무위험수익률 | H15: 2.811 | I15: % | J15: (G) | K15: 국내 10년 만기 국공채 이자율(출처:BloomBerg)
B16: 목표주가 | C16: =ROUND(C15,-2) -> 108300 | D16: 원 | E16: 12개월 목표주가 | G16: 시장기대수익률 | H16: 7 | I16: % | J16: (H) | K16: 한국의 기업규모위험 프리미엄(Size Risk Premium) 연구결과, 한국공인회계사회(2024.06.05)
B17: 현재주가 | C17: 65200 | D17: 원 | E17: 25.07.30 기준 종가 | G17: 조정 베타 | H17: 0.877 | J17: (I) | K17: 2/3*실질베타+1/3*1로 베타 조정(출처: BloomBerg)
B18: 상승여력 | C18: =(C16/C17-1)*100 -> 66.104294 | D18: % | G18: Terminal Growth | H18: 0 | I18: % | J18: (J) | K18: 보수적 추정을 위해 0%로 가정

Sheet EV.Backlog
A1: 현대건설(000720.KS)
A2: Historical EV/Backlog Valuation Sheet
A3: (In KRW Billions)
B5: 현대건설 Historical EV/Backlog
B6: 구분 | D6: 단위 | E6: 비고 | H6: EV/Backlog Multiple History
B7: 25E Backlog | C7: =총매출!F16 -> 87348.903 | D7: 십억 원 | E7: (A)
B8: Target EV/Backlog | C8: =AVERAGE('Multiple History'!F21:F24) -> 0.14279826 | D8: (배) | E8: (B) 2010년 평균 EV/Backlog
B9: EV | C9: =C7*C8 -> 12473.271 | D9: 십억 원 | E9: (C) = (A) × (B)
B10: 발행주식수 | C10: =C11+C12 -> 112410458 | D10: 주 | E10: (D) = (E) + (F)
B11: 보통주 | C11: 111355765 | D11: 주 | E11: (E)
B12: 우선주 | C12: 1054693 | D12: 주 | E12: (F)
B13: 적정주가 | C13: =C9/C10*1000000000 -> 110961.84 | D13: 원 | E13: (G) = (C) ÷ (D)
B14: 목표주가 | C14: =ROUND(C13,-2) -> 111000 | D14: 원 | E14: 12개월 목표주가
B15: 현재주가 | C15: 65200 | D15: 원 | E15: 25.07.30 기준 종가
B16: 상승여력 | C16: =(C13/C15-1)*100 -> 70.186872 | D16: %

Sheet Estimate ▶
A1: 현대건설(000720.KS)- Implied PBR & Historical EV/Backlog
A8: Estimate Sheets (추정재무제표 작성)
C17: RFS 정식 회원 외 본 가치평가 모델의 무단 사용 및 수정을 금하며, 본 양식의 원 저작권은 중앙대학교 R.F.S. 학회에 있음을 밝힙니다.
C18: 원 제작자: 28기 김 건 (zzkan103@gmail.com)
C19: 1st Version: 2021.03.02

Sheet Expected BS
B1: 추정 재무상태표
B4: 추정 재무상태표
B5: (단위: 십억 원) | C5: 2022 | D5: 2023 | E5: 2024 | F5: 2025E | G5: 2026E | H5: 2027E | I5: 2028E | J5: 2029E
B6: 자산총계 | C6: =SUM(C7, C23) -> 20911.448 | D6: =SUM(D7, D23) -> 23714.235 | E6: =SUM(E7, E23) -> 27005.385 | F6: =SUM(F7, F23) -> 29779.338 | G6: =SUM(G7, G23) -> 30530.248 | H6: =SUM(H7, H23) -> 33423.885 | I6: =SUM(I7, I23) -> 34999.721 | J6: =SUM(J7, J23) -> 34586.956
B7: 유동자산 계 | C7: =SUM(C8:C10, C16:C17, C21:C22) -> 15516.484 | D7: =SUM(D8:D10, D16:D17, D21:D22) -> 18613.17 | E7: =SUM(E8:E10, E16:E17, E21:E22) -> 21100.663 | F7: =SUM(F8:F10, F16:F17, F21:F22) -> 23575.114 | G7: =SUM(G8:G10, G16:G17, G21:G22) -> 23889.316 | H7: =SUM(H8:H10, H16:H17, H21:H22) -> 26062.13 | I7: =SUM(I8:I10, I16:I17, I21:I22) -> 26678.244 | J7: =SUM(J8:J10, J16:J17, J21:J22) -> 24930.678
B8: 재고자산 | C8: 855.394 | D8: 815.625 | E8: 776.511 | F8: =AVERAGE(C8:E8) -> 815.84333 | G8: =AVERAGE(D8:F8) -> 802.65978 | H8: =AVERAGE(E8:G8) -> 798.33804 | I8: =AVERAGE(F8:H8) -> 805.61372 | J8: =AVERAGE(G8:I8) -> 802.20384 | L8: flat한 경향으로 3개년 이동평균 적용
B9: 유동금융자산 | C9: 1528.836 | D9: 1026.49 | E9: 760.79 | F9: =E9 -> 760.79 | G9: =F9 -> 760.79 | H9: =G9 -> 760.79 | I9: =H9 -> 760.79 | J9: =I9 -> 760.79 | L9: 향후 업황 상황의 개선으로 금융자산 증가가 예상되나 보수적인 추정을 위해 flat 적용
B10: 매출채권및기타유동채권 | C10: =SUM(C11:C15) -> 7848.789 | D10: =SUM(D11:D15) -> 10659.313 | E10: =SUM(E11:E15) -> 12100.467 | F10: =SUM(F11:F15) -> 13492.19 | G10: =SUM(G11:G15) -> 13405.594 | H10: =SUM(H11:H15) -> 14597.187 | I10: =SUM(I11:I15) -> 14648.793 | J10: =SUM(J11:J15) -> 12832.971
B11: 매출채권 | C11: 4.882 | D11: 2.324 | E11: 4.603 | F11: =AVERAGE(C11:E11) -> 3.9363333 | G11: =AVERAGE(D11:F11) -> 3.6211111 | H11: =AVERAGE(E11:G11) -> 4.0534815 | I11: =AVERAGE(F11:H11) -> 3.8703086 | J11: =AVERAGE(G11:I11) -> 3.8483004 | L11: 규모 미미하고 변동성 크지 않아 3개년 이동평균 적용
B12: 공사(분양)미수금 | C12: 2010.947 | D12: 3376.372 | E12: 5314.608 | F12: =E12*(1+D73) -> 6773.4524 | G12: =F12*(1+E73) -> 6572.786 | H12: =G12*(1+F73) -> 7600.6296 | I12: =H12*(1+G73) -> 7526.2464 | J12: =I12*(1+H73) -> 6200.354 | L12: 수주 증가에 의해 미수금이 상승은 제한적일 것으로 판단하나 보수적 추정을 위해 매해 신규 수주 증가율을 적용
B13: 계약자산(미청구공사) | C13: 3734.704 | D13: 5335.234 | E13: 4684.982 | F13: =E13*(1+RATE(6, 0, -$E$13, $J$13)) -> 4668.1637 | G13: =F13*(1+RATE(6, 0, -$E$7, $J$7)) -> 4799.755 | H13: =G13*(1+RATE(6, 0, -$E$7, $J$7)) -> 4935.0558 | I13: =H13*(1+RATE(6, 0, -$E$7, $J$7)) -> 5074.1706 | J13: =AVERAGE(C13:E13) -> 4584.9733 | L13: 향후 매출 증가와 회수 효율화가 병행될 것으로 판단되나, 보수적 추정을 위해 평균 수준을 유지하도록 추정
B14: 미수금 | C14: 862.063 | D14: 895.256 | E14: 817.269 | F14: =AVERAGE(C14:E14) -> 858.196 | G14: =AVERAGE(D14:F14) -> 856.907 | H14: =AVERAGE(E14:G14) -> 844.124 | I14: =AVERAGE(F14:H14) -> 853.07567 | J14: =AVERAGE(G14:I14) -> 851.36889 | L14: flat한 경향으로 3개년 이동평균 적용
B15: 기타의 유동채권 | C15: 1236.193 | D15: 1050.127 | E15: 1279.005 | F15: =AVERAGE(C15:E15) -> 1188.4417 | G15: =AVERAGE(D15:F15) -> 1172.5246 | H15: =AVERAGE(E15:G15) -> 1213.3237 | I15: =AVERAGE(F15:H15) -> 1191.43 | J15: =AVERAGE(G15:I15) -> 1192.4261 | L15: flat한 경향으로 3개년 이동평균 적용
B16: 당기법인세자산(선급법인세) | C16: 5.789 | D16: 6.663 | E16: 29.567 | F16: ='Expected IS'!F$21*AVERAGE('Expected BS'!$C$16/'Expected IS'!$C$21, 'Expected BS'!$D$16/'Expected IS'!$D$21) -> 4.3224388 | G16: ='Expected IS'!G$21*AVERAGE('Expected BS'!$C$16/'Expected IS'!$C$21, 'Expected BS'!$D$16/'Expected IS'!$D$21) -> 7.8496706 | H16: ='Expected IS'!H$21*AVERAGE('Expected BS'!$C$16/'Expected IS'!$C$21, 'Expected BS'!$D$16/'Expected IS'!$D$21) -> 10.891219 | I16: ='Expected IS'!I$21*AVERAGE('Expected BS'!$C$16/'Expected IS'!$C$21, 'Expected BS'!$D$16/'Expected IS'!$D$21) -> 11.337392 | J16: ='Expected IS'!J$21*AVERAGE('Expected BS'!$C$16/'Expected IS'!$C$21, 'Expected BS'!$D$16/'Expected IS'!$D$21) -> 12.554528 | L16: 법인세 환급이 발생한 2024년도 제외하여 과거 법인세 비용 대비 비율로 추정
B17: 기타유동자산 | C17: =SUM(C18:C20) -> 1303.779 | D17: =SUM(D18:D20) -> 1899.414 | E17: =SUM(E18:E20) -> 2287.386 | F17: =SUM(F18:F20) -> 2915.6424 | G17: =SUM(G18:G20) -> 2829.6206 | H17: =SUM(H18:H20) -> 3271.5223 | I17: =SUM(I18:I20) -> 3239.6635 | J17: =SUM(J18:J20) -> 2669.1528
B18: 선급금 | C18: 815.937 | D18: 1266.75 | E18: 1444.048 | F18: =E18*(1+D$73) -> 1840.435 | G18: =F18*(1+E$73) -> 1785.9113 | H18: =G18*(1+F$73) -> 2065.1897 | I18: =H18*(1+G$73) -> 2044.9789 | J18: =I18*(1+H$73) -> 1684.7167 | L18: 공사 비용 중 선지급된 부분 사업 확장과 착공률 증가가 동시에 예상되기에 신규 수주 증가율 적용
B19: 선급비용 | C19: 487.84 | D19: 630.198 | E19: 842.863 | F19: =E19*(1+D$73) -> 1074.2264 | G19: =F19*(1+E$73) -> 1042.402 | H19: =G19*(1+F$73) -> 1205.4115 | I19: =H19*(1+G$73) -> 1193.6148 | J19: =I19*(1+H$73) -> 983.33668 | L19: 기간비용 중 선지급된 부분. 사업 확장과 착공률 증가가 동시에 예상되기에 신규 수주 증가율 적용
B20: 기타의유동자산 | C20: 0.002 | D20: 2.466 | E20: 0.475 | F20: =AVERAGE(C20:E20) -> 0.981 | G20: =AVERAGE(D20:F20) -> 1.3073333 | H20: =AVERAGE(E20:G20) -> 0.92111111 | I20: =AVERAGE(F20:H20) -> 1.0698148 | J20: =AVERAGE(G20:I20) -> 1.0994198 | L20: 규모 미미해 3개년 이동평균 적용
B21: 현금 및 현금성 자산 | C21: 3973.897 | D21: 4205.665 | E21: 5130.372 | F21: =E21*(1+RATE(3, 0, -$C$21, $E$21)) -> 5586.326 | G21: =F21*(1+RATE(3, 0, -$C$21, $E$21)) -> 6082.8021 | H21: =G21*(1+RATE(3, 0, -$C$21, $E$21)) -> 6623.4019 | I21: =H21*(1+RATE(3, 0, -$C$21, $E$21)) -> 7212.0466 | J21: =I21*(1+RATE(3, 0, -$C$21, $E$21)) -> 7853.0062 | L21: 미청구공사의 감소와 신규 수주의 착공으로 현금 유입이 증가할 전망, 이에 따라 과거 성장률을 적용
B22: 매각예정비유동자산및처분자산집단 | E22: 15.57 | F22: 0 | G22: 0 | H22: 0 | I22: 0 | J22: 0 | L22: 비주요항목
B23: 비유동자산 계 | C23: =SUM(C24, C29:C35) -> 5394.964 | D23: =SUM(D24, D29:D35) -> 5101.065 | E23: =SUM(E24, E29:E35) -> 5904.722 | F23: =SUM(F24, F29:F35) -> 6204.224 | G23: =SUM(G24, G29:G35) -> 6640.9316 | H23: =SUM(H24, H29:H35) -> 7361.7547 | I23: =SUM(I24, I29:I35) -> 8321.4765 | J23: =SUM(J24, J29:J35) -> 9656.278
B24: 유형자산 | C24: =SUM(C25:C28) -> 1048.81 | D24: =SUM(D25:D28) -> 1204.52 | E24: =SUM(E25:E28) -> 1289.154 | F24: =SUM(F25:F28) -> 1356.8789 | G24: =SUM(G25:G28) -> 1433.7669 | H24: =SUM(H25:H28) -> 1516.8607 | I24: =SUM(I25:I28) -> 1605.0907 | J24: =SUM(J25:J28) -> 1701.1241 | L24: =RATE(5, 0, -F24, J24) -> 0.046258457
B25: 토지 | C25: 363 | D25: 363.045 | E25: 368.27 | F25: =AVERAGE(C25:E25) -> 364.77167 | G25: =AVERAGE(D25:F25) -> 365.36222 | H25: =AVERAGE(E25:G25) -> 366.13463 | I25: =AVERAGE(F25:H25) -> 365.42284 | J25: =AVERAGE(G25:I25) -> 365.6399 | L25: flat한 경향으로 3개년 이동평균 적용
B26: 설비자산 | C26: 487.634 | D26: 628.474 | E26: 677.768 | F26: =E26*(1+$E$26/$D$26-1) -> 730.92835 | G26: =F26*(1+$E$26/$D$26-1) -> 788.2583 | H26: =G26*(1+$E$26/$D$26-1) -> 850.08489 | I26: =H26*(1+$E$26/$D$26-1) -> 916.76081 | J26: =I26*(1+$E$26/$D$26-1) -> 988.66642 | L26: 수주 증가에 따른 설비 확충 확대, 2022~2023년간 급증 이후 2024년부터 안정적 증가세로 전환, 이에 동일한 증가율로 추정
B27: 기타의유형자산 | C27: 19.959 | D27: 19.797 | E27: 19.283 | F27: =AVERAGE(C27:E27) -> 19.679667 | G27: =AVERAGE(D27:F27) -> 19.586556 | H27: =AVERAGE(E27:G27) -> 19.516407 | I27: =AVERAGE(F27:H27) -> 19.59421 | J27: =AVERAGE(G27:I27) -> 19.565724 | L27: flat한 경향으로 3개년 이동평균 적용
B28: 건설중인자산 | C28: 178.217 | D28: 193.204 | E28: 223.833 | F28: =E28*(1+RATE(3, 0, -$C$28, $E$28)) -> 241.49925 | G28: =F28*(1+RATE(3, 0, -$C$28, $E$28)) -> 260.55982 | H28: =G28*(1+RATE(3, 0, -$C$28, $E$28)) -> 281.12476 | I28: =H28*(1+RATE(3, 0, -$C$28, $E$28)) -> 303.31282 | J28: =I28*(1+RATE(3, 0, -$C$28, $E$28)) -> 327.25209 | L28: 건설업종 특성상 CAPEX 투자의 낮은 변동성이 예상되기에 과거 투자 추세를 반영하기 위해 3개년 CAGR 적용
B29: 무형자산 | C29: 720.626 | D29: 724.427 | E29: 750.741 | F29: =AVERAGE(C29:E29) -> 731.93133 | G29: =AVERAGE(D29:F29) -> 735.69978 | H29: =AVERAGE(E29:G29) -> 739.45737 | I29: =AVERAGE(F29:H29) -> 735.69616 | J29: =AVERAGE(G29:I29) -> 736.9511 | L29: flat한 경향으로 3개년 이동평균 적용
B30: 투자부동산 | C30: 444.482 | D30: 446.367 | E30: 456.522 | F30: =AVERAGE(C30:E30) -> 449.12367 | G30: =AVERAGE(D30:F30) -> 450.67089 | H30: =AVERAGE(E30:G30) -> 452.10552 | I30: =AVERAGE(F30:H30) -> 450.63336 | J30: =AVERAGE(G30:I30) -> 451.13659 | L30: flat한 경향으로 3개년 이동평균 적용
B31: 장기금융자산 | C31: 1468.342 | D31: 1130.464 | E31: 1222.068 | F31: =AVERAGE(C31:E31) -> 1273.6247 | G31: =AVERAGE(D31:F31) -> 1208.7189 | H31: =AVERAGE(E31:G31) -> 1234.8039 | I31: =AVERAGE(F31:H31) -> 1239.0491 | J31: =AVERAGE(G31:I31) -> 1227.524 | L31: flat한 경향으로 3개년 이동평균 적용
B32: 관계기업지분관련투자자산 | C32: 88.958 | D32: 86.608 | E32: 168.064 | F32: =AVERAGE(C32:D32) -> 87.783 | G32: =AVERAGE(C32:D32, F32) -> 87.783 | H32: =AVERAGE(F32:G32, D32) -> 87.391333 | I32: =AVERAGE(F32:H32) -> 87.652444 | J32: =AVERAGE(G32:I32) -> 87.608926 | L32: 2024년 일회성 요인으로 판단, 당해 연도 수치를 제외하여 3개년 이동 평균 적용
B33: 장기매출채권및기타비유동채권 | C33: 1085.757 | D33: 1003.101 | E33: 945.076 | F33: =E33*(1+RATE(3,0,-$C$33,$E$33)) -> 902.35639 | G33: =F33*(1+RATE(3,0,-$C$33,$E$33)) -> 861.56781 | H33: =G33*(1+RATE(3,0,-$C$33,$E$33)) -> 822.62297 | I33: =H33*(1+RATE(3,0,-$C$33,$E$33)) -> 785.43852 | J33: =I33*(1+RATE(3,0,-$C$33,$E$33)) -> 749.93489 | L33: 최근 3년간 연평균 약 -4.5% 감소, 이는 장기미수금 및 PF채권 회수 확대 등에 기인한 것으로 판단, 향후에도 동일한 흐름이 이어질 것으로 보아 해당 수치 적용
B34: 이연법인세자산 | C34: 248.31 | D34: 232.146 | E34: 717.126 | F34: =E34*(1+RATE(3, 0, -$C$34, $E$34)) -> 1021.2433 | G34: =F34*(1+RATE(3, 0, -$C$34, $E$34)) -> 1454.33 | H34: =G34*(1+RATE(3, 0, -$C$34, $E$34)) -> 2071.0793 | I34: =H34*(1+RATE(3, 0, -$C$34, $E$34)) -> 2949.3783 | J34: =I34*(1+RATE(3, 0, -$C$34, $E$34)) -> 4200.1445 | L34: 보수적 추정과 과거 추세를 반영하기 위해 3개년 CAGR 적용
B35: 기타비유동자산 | C35: 289.679 | D35: 273.432 | E35: 355.971 | F35: =E35*(1+RATE(3, 0, -$C$35, $E$35)) -> 381.28275 | G35: =F35*(1+RATE(3, 0, -$C$35, $E$35)) -> 408.39432 | H35: =G35*(1+RATE(3, 0, -$C$35, $E$35)) -> 437.43369 | I35: =H35*(1+RATE(3, 0, -$C$35, $E$35)) -> 468.53794 | J35: =I35*(1+RATE(3, 0, -$C$35, $E$35)) -> 501.85389 | L35: 장기선급비용, 기타의비유동자산 등 다양한 항목으로 구성되어 있기에 별도 추정이 곤란, 과거 3개년 성장률 적용
B36: 부채총계 | C36: =SUM(C37, C52) -> 10987.431 | D36: =SUM(D37, D52) -> 13258.98 | E36: =SUM(E37, E52) -> 17335.972 | F36: =SUM(F37, F52) -> 19401.996 | G36: =SUM(G37, G52) -> 19153.818 | H36: =SUM(H37, H52) -> 20626.331 | I36: =SUM(I37, I52) -> 20719.322 | J36: =SUM(J37, J52) -> 18656.691
B37: 유동부채 | C37: =SUM(C38:C41, C46, C50:C51) -> 8757.397 | D37: =SUM(D38:D41, D46, D50:D51) -> 10356.647 | E37: =SUM(E38:E41, E46, E50:E51) -> 14663.775 | F37: =SUM(F38:F41, F46, F50:F51) -> 16634.944 | G37: =SUM(G38:G41, G46, G50:G51) -> 16311.36 | H37: =SUM(H38:H41, H46, H50:H51) -> 17755.686 | I37: =SUM(I38:I41, I46, I50:I51) -> 17699.105 | J37: =SUM(J38:J41, J46, J50:J51) -> 15405.442
B38: 단기차입금 | C38: 83.142 | D38: 248.744 | E38: 744.668 | F38: =AVERAGE(C38:D38) -> 165.943 | G38: =AVERAGE(C38:D38, F38) -> 165.943 | H38: =AVERAGE(D38, F38:G38) -> 193.54333 | I38: =AVERAGE(F38:H38) -> 175.14311 | J38: =AVERAGE(G38:I38) -> 178.20981 | L38: 2024년 급증은 일회성 요인으로 판단, 해당 연도 제외 후 3개년 이동평균 적용
B39: 유동성장기부채 | C39: 519.361 | D39: 354.365 | E39: 1044.694 | F39: =AVERAGE(C39:D39) -> 436.863 | G39: =AVERAGE(C39:D39, F39) -> 436.863 | H39: =AVERAGE(D39, F39:G39) -> 409.36367 | I39: =AVERAGE(F39:H39) -> 427.69656 | J39: =AVERAGE(G39:I39) -> 424.64107 | L39: 2024년 급증은 일회성 요인으로 판단, 해당 연도 제외 후 3개년 이동평균 적용
B40: 유동금융부채 | C40: 41.815 | D40: 41.356 | E40: 142.963 | F40: =AVERAGE(C40:D40) -> 41.5855 | G40: =AVERAGE(C40:D40, F40) -> 41.5855 | H40: =AVERAGE(D40, F40:G40) -> 41.509 | I40: =AVERAGE(F40:H40) -> 41.56 | J40: =AVERAGE(G40:I40) -> 41.5515 | L40: 2024년 급증은 일회성 요인으로 판단, 해당 연도 제외 후 3개년 이동평균 적용
B41: 매입채무및기타유동채무 | C41: =SUM(C42:C45) -> 6806.363 | D41: =SUM(D42:D45) -> 7714.943 | E41: =SUM(E42:E45) -> 9940.085 | F41: =SUM(F42:F45) -> 9726.6977 | G41: =SUM(G42:G45) -> 9915.1068 | H41: =SUM(H42:H45) -> 10123.939 | I41: =SUM(I42:I45) -> 10280.581 | J41: =SUM(J42:J45) -> 10411.619
B42: 매입채무 | C42: 2598.796 | D42: 3959.03 | E42: 4038.662 | F42: =E42*(1+$E$42/$D$42-1) -> 4119.8957 | G42: =F42*(1+$E$42/$D$42-1) -> 4202.7634 | H42: =G42*(1+$E$42/$D$42-1) -> 4287.2978 | I42: =H42*(1+$E$42/$D$42-1) -> 4373.5326 | J42: =I42*(1+$E$42/$D$42-1) -> 4461.5019 | L42: 최근 급증세(2022~2023) 이후 2024년에는 증가세가 둔화, 향후 사업 확장에 따른 증가가 예상되기에 급증 시기 수치를 적용
B43: 미지급금 | C43: 1035.283 | D43: 1241.727 | E43: 1519.161 | F43: =E43*(1+RATE(3, 0, -$C$43, $E$43)) -> 1726.3097 | G43: =F43*(1+RATE(3, 0, -$C$43, $E$43)) -> 1961.7046 | H43: =G43*(1+RATE(3, 0, -$C$43, $E$43)) -> 2229.1974 | I43: =H43*(1+RATE(3, 0, -$C$43, $E$43)) -> 2533.1647 | J43: =I43*(1+RATE(3, 0, -$C$43, $E$43)) -> 2878.5802 | L43: 미지급금은 공사 원가 및 외주비용에 비례해 증가하는 항목으로 최근 2년간 높은 증가세(2022~2024년 CAGR: 약 +13.6%)를 보였으며, 향후에도 지속될 것이라 추정
B44: 단기초과청구공사 | C44: 2764.33 | D44: 1955.657 | E44: 3470.397 | F44: =E44*(1+RATE(6,0,-$E$44,$J$44)) -> 3254.3763 | G44: =F44*(1+RATE(6,0,-$E$44,$J$44)) -> 3051.8022 | H44: =G44*(1+RATE(6,0,-$E$44,$J$44)) -> 2861.8376 | I44: =H44*(1+RATE(6,0,-$E$44,$J$44)) -> 2683.6977 | J44: =AVERAGE(C44:D44) -> 2359.9935 | L44: 향후 수주환경이 개선되고, 착공률이 회복할 전망이며, 이에 따라 정상 수준으로 회귀할 것으로 추정
B45: 기타의 유동채무 | C45: 407.954 | D45: 558.529 | E45: 911.865 | F45: =AVERAGE(C45:E45) -> 626.116 | G45: =AVERAGE(D45:F45) -> 698.83667 | H45: =AVERAGE(E45:G45) -> 745.60589 | I45: =AVERAGE(F45:H45) -> 690.18619 | J45: =AVERAGE(G45:I45) -> 711.54291 | L45: 사업 환경 개선에 따른 성장세를 반영하기 위하여 3개년 이동평균 반영
B46: 기타단기충당부채 | C46: =SUM(C47:C49) -> 159.759 | D46: =SUM(D47:D49) -> 306.189 | E46: =SUM(E47:E49) -> 724.708 | F46: =SUM(F47:F49) -> 328.9975 | G46: =SUM(G47:G49) -> 331.30017 | H46: =SUM(H47:H49) -> 338.02522 | I46: =SUM(I47:I49) -> 332.7743 | J46: =SUM(J47:J49) -> 334.03323
B47: (공사)손실부담계약충당부채 | C47: 44.623 | D47: 39.687 | E47: 410.617 | F47: =AVERAGE(C47:D47) -> 42.155 | G47: =AVERAGE(C47:D47, F47) -> 42.155 | H47: =AVERAGE(D47, F47:G47) -> 41.332333 | I47: =AVERAGE(F47:H47) -> 41.880778 | J47: =AVERAGE(G47:I47) -> 41.78937 | L47: 2024년 급증은 일회성 요인으로 판단, 원가 안정화로 공사 손실에 대한 위험도가 줄어들 것을 예상되기에 2024년도를 제외하고 이동평균 적용
B48: 하자보수충당부채 | C48: 115.136 | D48: 136.526 | E48: 114.47 | F48: =AVERAGE(C48:E48) -> 122.044 | G48: =AVERAGE(D48:F48) -> 124.34667 | H48: =AVERAGE(E48:G48) -> 120.28689 | I48: =AVERAGE(F48:H48) -> 122.22585 | J48: =AVERAGE(G48:I48) -> 122.28647 | L48: flat한 경향으로 3개년 이동평균 적용
B49: 기타 | D49: 129.976 | E49: 199.621 | F49: =AVERAGE(C49:E49) -> 164.7985 | G49: =AVERAGE(D49:F49) -> 164.7985 | H49: =AVERAGE(E49:G49) -> 176.406 | I49: =AVERAGE(F49:H49) -> 168.66767 | J49: =AVERAGE(G49:I49) -> 169.95739 | L49: 최근 급증했으며, 보수적 추정을 위해 3개년 이동평균 적용
B50: 당기법인세부채(미지급법인세) | C50: 116.798 | D50: 93.683 | E50: 51.164 | F50: ='Expected IS'!F$21*AVERAGE('Expected BS'!$C$50/'Expected IS'!$C$21, 'Expected BS'!$D$50/'Expected IS'!$D$21) -> 73.117698 | G50: ='Expected IS'!G$21*AVERAGE('Expected BS'!$C$50/'Expected IS'!$C$21, 'Expected BS'!$D$50/'Expected IS'!$D$21) -> 132.7838 | H50: ='Expected IS'!H$21*AVERAGE('Expected BS'!$C$50/'Expected IS'!$C$21, 'Expected BS'!$D$50/'Expected IS'!$D$21) -> 184.23416 | I50: ='Expected IS'!I$21*AVERAGE('Expected BS'!$C$50/'Expected IS'!$C$21, 'Expected BS'!$D$50/'Expected IS'!$D$21) -> 191.78155 | J50: ='Expected IS'!J$21*AVERAGE('Expected BS'!$C$50/'Expected IS'!$C$21, 'Expected BS'!$D$50/'Expected IS'!$D$21) -> 212.37043 | L50: 법인세 환급이 발생한 2024년도 제외하여 과거 법인세 비용 대비 비율로 추정
B51: 기타유동부채 | C51: 1030.159 | D51: 1597.367 | E51: 2015.493 | F51: 5861.74 | G51: 5287.7781 | H51: 6465.0718 | I51: 6249.5685 | J51: 3803.0173 | L51: 공사 계약에 따른 계약부채가 주를 이루며 향후 사업 확대로 큰 폭의 증가 후 정상 수준으로 회귀하도록 추정
B52: 비유동부채 | C52: =SUM(C53:C60) -> 2230.034 | D52: =SUM(D53:D60) -> 2902.333 | E52: =SUM(E53:E60) -> 2672.197 | F52: =SUM(F53:F60) -> 2767.0514 | G52: =SUM(G53:G60) -> 2842.4577 | H52: =SUM(H53:H60) -> 2870.6455 | I52: =SUM(I53:I60) -> 3020.2171 | J52: =SUM(J53:J60) -> 3251.2496
B53: 사채 | C53: 1017.694 | D53: 1207.22 | E53: 928.047 | F53: =AVERAGE(C53:E53) -> 1050.987 | G53: =AVERAGE(D53:F53) -> 1062.0847 | H53: =AVERAGE(E53:G53) -> 1013.7062 | I53: =AVERAGE(F53:H53) -> 1042.2593 | J53: =AVERAGE(G53:I53) -> 1039.3501 | L53: flat한 경향으로 3개년 이동평균 적용
B54: 장기차입금 | C54: 193.531 | D54: 563.609 | E54: 598.212 | F54: =AVERAGE(D54:E54) -> 580.9105 | G54: =AVERAGE(D54:F54) -> 580.9105 | H54: =AVERAGE(E54:G54) -> 586.67767 | I54: =AVERAGE(F54:H54) -> 582.83289 | J54: =AVERAGE(G54:I54) -> 583.47369 | L54: 비정상치인 2022년도를 제외하고 3개년 이동평균 적용
B55: 비유동금융부채 | C55: 141.282 | D55: 128.164 | E55: 185.794 | F55: =AVERAGE(C55:E55) -> 151.74667 | G55: =AVERAGE(D55:F55) -> 155.23489 | H55: =AVERAGE(E55:G55) -> 164.25852 | I55: =AVERAGE(F55:H55) -> 157.08002 | J55: =AVERAGE(G55:I55) -> 158.85781 | L55: 과거수준 유지할 것으로 판단, 3개년 이동평균 적용
B56: 장기매입채무및기타비유동채무 | C56: 277.182 | D56: 360.027 | E56: 322.773 | F56: =AVERAGE(C56:E56) -> 319.994 | G56: =AVERAGE(D56:F56) -> 334.26467 | H56: =AVERAGE(E56:G56) -> 325.67722 | I56: =AVERAGE(F56:H56) -> 326.6453 | J56: =AVERAGE(G56:I56) -> 328.8624 | L56: 과거수준 유지할 것으로 판단, 3개년 이동평균 적용
B57: 비유동종업원급여충당부채 | C57: 44.047 | D57: 50.591 | E57: 70.661 | F57: =AVERAGE(C57:E57) -> 55.099667 | G57: =AVERAGE(D57:F57) -> 58.783889 | H57: =AVERAGE(E57:G57) -> 61.514852 | I57: =AVERAGE(F57:H57) -> 58.466136 | J57: =AVERAGE(G57:I57) -> 59.588292 | L57: 3개년 이동평균 적용
B58: 기타장기충당부채 | C58: 500.797 | D58: 515.09 | E58: 483.103 | F58: =AVERAGE(C58:E58) -> 499.66333 | G58: =AVERAGE(D58:F58) -> 499.28544 | H58: =AVERAGE(E58:G58) -> 494.01726 | I58: =AVERAGE(F58:H58) -> 497.65535 | J58: =AVERAGE(G58:I58) -> 496.98602 | L58: flat한 경향으로 3개년 이동평균 적용
B59: 이연법인세부채 | C59: 5.819 | D59: 20.049 | E59: 31.608 | F59: =E59*(1+RATE(3, 0, -$C$59, $E$59)) -> 55.56226 | G59: =F59*(1+RATE(3, 0, -$C$59, $E$59)) -> 97.67036 | H59: =G59*(1+RATE(3, 0, -$C$59, $E$59)) -> 171.69027 | I59: =H59*(1+RATE(3, 0, -$C$59, $E$59)) -> 301.80648 | J59: =I59*(1+RATE(3, 0, -$C$59, $E$59)) -> 530.53183 | L59: 보수적 추정과 과거 추세를 반영하기 위해 3개년 CAGR 적용
B60: 기타비유동부채 | C60: 49.682 | D60: 57.583 | E60: 51.999 | F60: =AVERAGE(C60:E60) -> 53.088 | G60: =AVERAGE(D60:F60) -> 54.223333 | H60: =AVERAGE(E60:G60) -> 53.103444 | I60: =AVERAGE(F60:H60) -> 53.471593 | J60: =AVERAGE(G60:I60) -> 53.599457 | L60: 과거수준 유지할 것으로 판단, 3개년 이동평균 적용
B61: 자본총계 | C61: =SUM(C62, C68) -> 9924.277 | D61: =SUM(D62, D68) -> 10455.515 | E61: =SUM(E62, E68) -> 9669.413 | F61: =SUM(F62, F68) -> 10377.153 | G61: =SUM(G62, G68) -> 11377.152 | H61: =SUM(H62, H68) -> 12797.588 | I61: =SUM(I62, I68) -> 14279.699 | J61: =SUM(J62, J68) -> 15930.056
B62: 지배주주지분 | C62: =SUM(C63:C67) -> 7686.677 | D62: =SUM(D63:D67) -> 8136.651 | E62: =SUM(E63:E67) -> 8025.41 | F62: =SUM(F63:F67) -> 8233.7865 | G62: =SUM(G63:G67) -> 9027.2391 | H62: =SUM(H63:H67) -> 10154.289 | I62: =SUM(I63:I67) -> 11330.275 | J62: =SUM(J63:J67) -> 12639.756
B63: 자본금 | C63: 562.052 | D63: 562.052 | E63: 562.052 | F63: =E63 -> 562.052 | G63: =F63 -> 562.052 | H63: =G63 -> 562.052 | I63: =H63 -> 562.052 | J63: =I63 -> 562.052 | L63: 자본금은 발행주식 수에 따른 고정 항목으로 최근 3년간 변동이 없었고 향후 유상증자 또는 감자 등의 계획이 없다는 가정 하에 동일한 수준 유지하는 것으로 추정
B64: 자본잉여금 | C64: 1095.324 | D64: 1095.324 | E64: 1095.31 | F64: =E64 -> 1095.31 | G64: =F64 -> 1095.31 | H64: =G64 -> 1095.31 | I64: =H64 -> 1095.31 | J64: =I64 -> 1095.31 | L64: 자본거래가 없는 한 변동이 없는 항목으로 향후에도 현재 수준으로 고정 추정
B65: 기타자본 | C65: -5.711 | D65: -5.711 | E65: -5.711 | F65: =E65 -> -5.711 | G65: =F65 -> -5.711 | H65: =G65 -> -5.711 | I65: =H65 -> -5.711 | J65: =I65 -> -5.711 | L65: 최근 3년간 변동이 없었던 점 고려, 향후에도 동일한 수준으로 유지될 것으로 추정
B66: 기타포괄손익누계액 | C66: 25.873 | D66: 64.766 | E66: 243.529 | F66: =AVERAGE($C$66:$D$66) -> 45.3195 | G66: =AVERAGE($C$66:$D$66) -> 45.3195 | H66: =AVERAGE($C$66:$D$66) -> 45.3195 | I66: =AVERAGE($C$66:$D$66) -> 45.3195 | J66: =AVERAGE($C$66:$D$66) -> 45.3195 | L66: 최근 2년 급증은 일시적 효과로 판단, 합리적 추정 불가해 2022~2023 동일 가정
B67: 이익잉여금 | C67: 6009.139 | D67: 6420.22 | E67: 6130.23 | F67: =E67+'Expected IS'!F22-67.499 -> 6536.816 | G67: =F67+'Expected IS'!G22-67.499 -> 7330.2686 | H67: =G67+'Expected IS'!H22-67.499 -> 8457.3183 | I67: =H67+'Expected IS'!I22-67.499 -> 9633.3042 | J67: =I67+'Expected IS'!J22-67.499 -> 10942.785 | L67: 당기순이익에서 배당금이 차감되어 매년 누적되는 항목, 보통주 600원, 우선주 650원의 과거 배당 적용하여 총 배당금(67,499백만원)을 매년 동일하게 차감하는 보수적 가정 하에 추정
B68: 비지배주주지분 | C68: 2237.6 | D68: 2318.864 | E68: 1644.003 | F68: =F62*AVERAGE($C$68/$C$62, $D$68/$D$62, $E$68/$E$62) -> 2143.3666 | G68: =G62*AVERAGE($C$68/$C$62, $D$68/$D$62, $E$68/$E$62) -> 2349.9131 | H68: =H62*AVERAGE($C$68/$C$62, $D$68/$D$62, $E$68/$E$62) -> 2643.2994 | I68: =I62*AVERAGE($C$68/$C$62, $D$68/$D$62, $E$68/$E$62) -> 2949.4245 | J68: =J62*AVERAGE($C$68/$C$62, $D$68/$D$62, $E$68/$E$62) -> 3290.3003
B70: 신규수주 성장률(%)
B71: (단위: 십억 원) | C71: 2024 | D71: 2025E | E71: 2026E | F71: 2027E | G71: 2028E | H71: 2029E
B72: 신규수주 | C72: =SUM([1]건축주택!G7, [1]플랜트!G7, '[1]토목 및 기타'!G7, '[1]토목 및 기타'!G8) -> 30528.06 | D72: =SUM([1]건축주택!H7, [1]플랜트!H7, '[1]토목 및 기타'!H7, '[1]토목 및 기타'!H8) -> 38907.923 | E72: =SUM([1]건축주택!I7, [1]플랜트!I7, '[1]토목 및 기타'!I7, '[1]토목 및 기타'!I8) -> 37755.259 | F72: =SUM([1]건축주택!J7, [1]플랜트!J7, '[1]토목 및 기타'!J7, '[1]토목 및 기타'!J8) -> 43659.377 | G72: =SUM([1]건축주택!K7, [1]플랜트!K7, '[1]토목 및 기타'!K7, '[1]토목 및 기타'!K8) -> 43232.107 | H72: =SUM([1]건축주택!L7, [1]플랜트!L7, '[1]토목 및 기타'!L7, '[1]토목 및 기타'!L8) -> 35615.944
B73: YoY(%) | D73: =D72/C72-1 -> 0.27449709 | E73: =E72/D72-1 -> -0.02962543 | F73: =F72/E72-1 -> 0.15637868 | G73: =G72/F72-1 -> -0.0097864489 | H73: =H72/G72-1 -> -0.17616914
B75: ROE | C75: ='[1]Expected IS'!C22/'Expected BS'!C61 -> 0.047446882 | D75: ='[1]Expected IS'!D22/'Expected BS'!D61 -> 0.062577597 | E75: ='[1]Expected IS'!E22/'Expected BS'!E61 -> -0.079241729 | F75: ='Expected IS'!F22/'Expected BS'!F61 -> 0.045685457 | G75: ='Expected IS'!G22/'Expected BS'!G61 -> 0.07567374 | H75: ='Expected IS'!H22/'Expected BS'!H61 -> 0.0933417 | I75: ='Expected IS'!I22/'Expected BS'!I61 -> 0.087080607 | J75: ='Expected IS'!J22/'Expected BS'!J61 -> 0.086439138
I76: Geomean | J76: =GEOMEAN(F75:J75) -> 0.075350502
B78: 대차 일치 확인
B79: (단위: 십억 원) | C79: 2024 | D79: 2025E | E79: 2026E | F79: 2027E | G79: 2028E | H79: 2029E
B80: 자산 | C80: =INT(E6) -> 27005 | D80: =INT(F6) -> 29779 | E80: =INT(G6) -> 30530 | F80: =INT(H6) -> 33423 | G80: =INT(I6) -> 34999 | H80: =INT(J6) -> 34586
B81: 자본+부채 | C81: =INT(SUM(E36, E61)) -> 27005 | D81: =INT(SUM(F36, F61)) -> 29779 | E81: =INT(SUM(G36, G61)) -> 30530 | F81: =INT(SUM(H36, H61)) -> 33423 | G81: =INT(SUM(I36, I61)) -> 34999 | H81: =INT(SUM(J36, J61)) -> 34586
B82: 차액 | C82: =C80-C81 -> 0 | D82: =D80-D81 -> 0 | E82: =E80-E81 -> 0 | F82: =F80-F81 -> 0 | G82: =G80-G81 -> 0 | H82: =H80-H81 -> 0
B83: 결과 | C83: =IF(C82=0, TRUE) -> TRUE | D83: =IF(D82=0, TRUE) -> TRUE | E83: =IF(E82=0, TRUE) -> TRUE | F83: =IF(F82=0, TRUE) -> TRUE | G83: =IF(G82=0, TRUE) -> TRUE | H83: =IF(H82=0, TRUE) -> TRUE

Sheet Expected IS
B1: 추정 손익계산서
B5: 추정 손익계산서
B6: (단위: 십억 원) | C6: 2022 | D6: 2023 | E6: 2024 | F6: 2025E | G6: 2026E | H6: 2027E | I6: 2028E | J6: 2029E
B7: 매출액 | C7: 21239.082 | D7: 29651.357 | E7: 32670.268 | F7: =총매출!F25 -> 31025.542 | G7: =총매출!G25 -> 32003.686 | H7: =총매출!H25 -> 33081.647 | I7: =총매출!I25 -> 34552.283 | J7: =총매출!J25 -> 37172.773
B8: YoY(%) | C8: =(C7/18065534)-1 -> -0.99882433 | D8: =(D7/C7)-1 -> 0.39607526 | E8: =(E7/D7)-1 -> 0.10181359 | F8: =F7/E7-1 -> -0.050343204 | G8: =G7/F7-1 -> 0.031527069 | H8: =H7/G7-1 -> 0.033682379 | I8: =I7/H7-1 -> 0.044454745 | J8: =J7/I7-1 -> 0.075841287
B9: 매출원가 | C9: 19726.334 | D9: 27948.549 | E9: 32887.201 | F9: =영업비용추정!F10 -> 29477.928 | G9: =영업비용추정!G10 -> 29925.842 | H9: =영업비용추정!H10 -> 30504.859 | I9: =영업비용추정!I10 -> 31853.049 | J9: =영업비용추정!J10 -> 34247.952
B10: 매출총이익 | C10: 1512.748 | D10: 1702.808 | E10: -216.933 | F10: =F7-F9 -> 1547.6141 | G10: =G7-G9 -> 2077.8441 | H10: =H7-H9 -> 2576.7879 | I10: =I7-I9 -> 2699.2344 | J10: =J7-J9 -> 2924.8206
B11: GPM(%) | C11: =C10/C7 -> 0.071224736 | D11: =D10/D7 -> 0.057427658 | E11: =E10/E7 -> -0.0066400741 | F11: =F10/F7 -> 0.049881936 | G11: =G10/G7 -> 0.064925149 | H11: =H10/H7 -> 0.077891766 | I11: =I10/I7 -> 0.07812029 | J11: =J10/J7 -> 0.078681798 | O11: `
B12: 판매비와 관리비 | C12: 937.846 | D12: 917.378 | E12: 1046.487 | F12: =영업비용추정!F32 -> 1079.8136 | G12: =영업비용추정!G32 -> 1070.4019 | H12: =영업비용추정!H32 -> 1116.1486 | I12: =영업비용추정!I32 -> 1153.7349 | J12: =영업비용추정!J32 -> 1194.2343
B13: 영업이익 | C13: 574.902 | D13: 785.43 | E13: -1263.42 | F13: =F10-F12 -> 467.80055 | G13: =G10-G12 -> 1007.4422 | H13: =H10-H12 -> 1460.6393 | I13: =I10-I12 -> 1545.4995 | J13: =J10-J12 -> 1730.5863
B14: OPM(%) | C14: =C13/C7 -> 0.027068119 | D14: =D13/D7 -> 0.026488838 | E14: =E13/E7 -> -0.038671859 | F14: =F13/F7 -> 0.015077917 | G14: =G13/G7 -> 0.031478942 | H14: =H13/H7 -> 0.044152557 | I14: =I13/I7 -> 0.044729302 | J14: =J13/J7 -> 0.046555212
B15: 금융수익 | C15: 401.429 | D15: 294.585 | E15: 359.853 | F15: =AVERAGE(C15:E15) -> 351.95567 | G15: =AVERAGE(D15:F15) -> 335.46456 | H15: =AVERAGE(E15:G15) -> 349.09107 | I15: =AVERAGE(F15:H15) -> 345.50377 | J15: =AVERAGE(G15:I15) -> 343.35313 | K15: [이동평균] 특별한 경향성 없어 3개년 이동평균
B16: 금융비용 | C16: 176.777 | D16: 141.179 | E16: 171.771 | F16: =AVERAGE(C16:E16) -> 163.24233 | G16: =AVERAGE(D16:F16) -> 158.73078 | H16: =AVERAGE(E16:G16) -> 164.58137 | I16: =AVERAGE(F16:H16) -> 162.18483 | J16: =AVERAGE(G16:I16) -> 161.83233 | K16: [이동평균] 특별한 경향성 없어 3개년 이동평균
B17: 기타수익 | C17: 435.786 | D17: 504.788 | E17: 839.957 | F17: =AVERAGE(C17:E17) -> 593.51033 | G17: =AVERAGE(D17:F17) -> 646.08511 | H17: =AVERAGE(E17:G17) -> 693.18415 | I17: =AVERAGE(F17:H17) -> 644.25986 | J17: =AVERAGE(G17:I17) -> 661.17637 | K17: [이동평균] 특별한 경향성 없어 3개년 이동평균
B18: 기타비용 | C18: 468.852 | D18: 498.799 | E18: 755.911 | F18: =AVERAGE(C18:E18) -> 574.52067 | G18: =AVERAGE(D18:F18) -> 609.74356 | H18: =AVERAGE(E18:G18) -> 646.72507 | I18: =AVERAGE(F18:H18) -> 610.32977 | J18: =AVERAGE(G18:I18) -> 622.26613 | K18: [이동평균] 특별한 경향성 없어 3개년 이동평균
B19: 관계기업투자손익 | C19: -12.673 | D19: -5.28 | E19: 5.575 | F19: =AVERAGE(C19:E19) -> -4.126 | G19: =AVERAGE(D19:F19) -> -1.277 | H19: =AVERAGE(E19:G19) -> 0.057333333 | I19: =AVERAGE(F19:H19) -> -1.7818889 | J19: =AVERAGE(G19:I19) -> -1.0005185 | K19: [이동평균] 특별한 경향성 없어 3개년 이동평균
B20: 법인세비용 차감 전 순이익 | C20: 753.815 | D20: 939.545 | E20: -985.717 | F20: =F13+F15-F16+F17-F18+F19 -> 671.37755 | G20: =G13+G15-G16+G17-G18+G19 -> 1219.2405 | H20: =H13+H15-H16+H17-H18+H19 -> 1691.6654 | I20: =I13+I15-I16+I17-I18+I19 -> 1760.9666 | J20: =J13+J15-J16+J17-J18+J19 -> 1950.0168
B21: 법인세비용 | C21: 282.939 | D21: 285.264 | E21: -219.496 | F21: =F20*GEOMEAN($C$21/$C$20, $D$21/$D$20, $E$21/$E$20) -> 197.29258 | G21: =G20*GEOMEAN($C$21/$C$20, $D$21/$D$20, $E$21/$E$20) -> 358.28887 | H21: =H20*GEOMEAN($C$21/$C$20, $D$21/$D$20, $E$21/$E$20) -> 497.11674 | I21: =I20*GEOMEAN($C$21/$C$20, $D$21/$D$20, $E$21/$E$20) -> 517.48177 | J21: =J20*GEOMEAN($C$21/$C$20, $D$21/$D$20, $E$21/$E$20) -> 573.03651 | K21: [추정논리] 보수적 추정을 위해 한계세율보다 높은 법인세비용차감전순이익 대비 법인세비용 비율의 3개년 평균 29.4% 적용
B22: 당기순이익 | C22: 470.876 | D22: 654.281 | E22: -766.221 | F22: =F20-F21 -> 474.08498 | G22: =G20-G21 -> 860.95166 | H22: =H20-H21 -> 1194.5486 | I22: =I20-I21 -> 1243.4849 | J22: =J20-J21 -> 1376.9803
B23: NPM(%) | C23: =C22/C7 -> 0.022170261 | D23: =D22/D7 -> 0.022065803 | E23: =E22/E7 -> -0.023453159 | F23: =F22/F7 -> 0.015280474 | G23: =G22/G7 -> 0.02690164 | H23: =H22/H7 -> 0.036109105 | I23: =I22/I7 -> 0.035988501 | J23: =J22/J7 -> 0.037042713

Sheet 총매출
B1: 전체 매출
B5: 전체 신규수주
B6: (단위: 십억 원) | C6: 2022 | D6: 2023 | E6: 2024 | F6: 2025E | G6: 2026E | H6: 2027E | I6: 2028E | J6: 2029E
B7: 전체 신규수주(연간) | C7: =SUM(C8:C11) -> 34376.181 | D7: 29651.4 | E7: 32670.3 | F7: =SUM(F8:F11) -> 37794.116 | G7: =SUM(G8:G11) -> 31194.005 | H7: =SUM(H8:H11) -> 36473.631 | I7: =SUM(I8:I11) -> 39124.591 | J7: =SUM(J8:J11) -> 43401.898
B8: 건축주택 | C8: =건축주택!E7 -> 24480 | D8: =건축주택!F7 -> 19942.1 | E8: =건축주택!G7 -> 21454.5 | F8: =건축주택!H7 -> 25245.612 | G8: =건축주택!I7 -> 22120.445 | H8: =건축주택!J7 -> 22811.32 | I8: =건축주택!K7 -> 23489.777 | J8: =건축주택!L7 -> 22822.032
B9: 플랜트 | C9: =플랜트!C7 -> 5171.8 | D9: =플랜트!D7 -> 5584.7 | E9: =플랜트!E7 -> 5788.3 | F9: =플랜트!F7 -> 7840 | G9: =플랜트!G7 -> 5089.1 | H9: =플랜트!H7 -> 9045.525 | I9: =플랜트!I7 -> 11198.231 | J9: =플랜트!J7 -> 16233.923
B10: 토목 | C10: ='토목 및 기타'!C7 -> 3930.32 | D10: ='토목 및 기타'!D7 -> 2104.8 | E10: ='토목 및 기타'!E7 -> 3849.422 | F10: ='토목 및 기타'!F7 -> 3427.864 | G10: ='토목 및 기타'!G7 -> 2962.016 | H10: ='토목 및 기타'!H7 -> 3413.1007 | I10: ='토목 및 기타'!I7 -> 3267.6602 | J10: ='토목 및 기타'!J7 -> 3214.259
B11: 기타 | C11: ='토목 및 기타'!C8 -> 794.061 | D11: ='토목 및 기타'!D8 -> 1128.385 | E11: ='토목 및 기타'!E8 -> 1307.9721 | F11: ='토목 및 기타'!F8 -> 1280.6402 | G11: ='토목 및 기타'!G8 -> 1022.4438 | H11: ='토목 및 기타'!H8 -> 1203.6854 | I11: ='토목 및 기타'!I8 -> 1168.9231 | J11: ='토목 및 기타'!J8 -> 1131.6841
B14: 전체 수주잔고
B15: (단위: 십억 원) | C15: 2022 | D15: 2023 | E15: 2024 | F15: 2025E | G15: 2026E | H15: 2027E | I15: 2028E | J15: 2029E
B16: 전체 수주잔고(연간) | C16: =SUM(C17:C20) -> 88367.128 | D16: =SUM(D17:D20) -> 89744.978 | E16: =SUM(E17:E20) -> 89900 | F16: =SUM(F17:F20) -> 87348.903 | G16: =SUM(G17:G20) -> 92263.623 | H16: =SUM(H17:H20) -> 101808.32 | I16: =SUM(I17:I20) -> 109255.37 | J16: =SUM(J17:J20) -> 106908.2
B17: 건축주택 | C17: =건축주택!E14 -> 60033 | D17: =건축주택!F14 -> 59317.5 | E17: =건축주택!G14 -> 59333 | F17: =건축주택!H14 -> 64650.241 | G17: =건축주택!I14 -> 65710.867 | H17: =건축주택!J14 -> 67451.4 | I17: =건축주택!K14 -> 69021.794 | J17: =건축주택!L14 -> 68936.021
B18: 플랜트 | C18: =플랜트!E14 -> 13678.4 | D18: =플랜트!F14 -> 13910.3 | E18: =플랜트!G14 -> 17320 | F18: =플랜트!H14 -> 18676.184 | G18: =플랜트!I14 -> 22445.114 | H18: =플랜트!J14 -> 30206.021 | I18: =플랜트!K14 -> 36063.191 | J18: =플랜트!L14 -> 33729.563
B19: 토목 | C19: 12157.76 | D19: 13923.76 | E19: 10840 | F19: ='토목 및 기타'!H17 -> 2639.1039 | G19: ='토목 및 기타'!I17 -> 2827.541 | H19: ='토목 및 기타'!J17 -> 2934.6923 | I19: ='토목 및 기타'!K17 -> 3002.7555 | J19: ='토목 및 기타'!L17 -> 3074.7184
B20: 기타 | C20: 2497.968 | D20: 2593.418 | E20: 2407 | F20: ='토목 및 기타'!H18 -> 1383.3745 | G20: ='토목 및 기타'!I18 -> 1280.1018 | H20: ='토목 및 기타'!J18 -> 1216.2041 | I20: ='토목 및 기타'!K18 -> 1167.6279 | J20: ='토목 및 기타'!L18 -> 1167.8978
B21: *기존 수주의 경우, 연결 기준 수주잔고가 공시되지 않아, 종속 기업의 매출 비중에 따라 사업부별로 분류하였다.
B23: 전체 매출
B24: (단위: 십억 원) | C24: 2022 | D24: 2023 | E24: 2024 | F24: 2025E | G24: 2026E | H24: 2027E | I24: 2028E | J24: 2029E
B25: 전체 매출(연간) | C25: 21239.1 | D25: 29651.4 | E25: 32670.3 | F25: =SUM(F26:F30) -> 31025.542 | G25: =SUM(G26:G30) -> 32003.686 | H25: =SUM(H26:H30) -> 33081.647 | I25: =SUM(I26:I30) -> 34552.283 | J25: =SUM(J26:J30) -> 37172.773
B26: 건축주택 | C26: 12501.1 | D26: 19699.9 | E26: 21999.1 | F26: =건축주택!H21 -> 19928.372 | G26: =건축주택!I21 -> 21059.819 | H26: =건축주택!J21 -> 21070.786 | I26: =건축주택!K21 -> 21919.382 | J26: =건축주택!L21 -> 22907.805
B27: 플랜트 | C27: 5386.9 | D27: 6569.1 | E27: 6830.4 | F27: =플랜트!H21 -> 7649.6414 | G27: =플랜트!I21 -> 7429.3008 | H27: =플랜트!J21 -> 8473.0161 | I27: =플랜트!K21 -> 9102.8225 | J27: =플랜트!L21 -> 10711.219
B28: 토목 | C28: 2458 | D28: 2740 | E28: 2780.2 | F28: ='토목 및 기타'!H17 -> 2639.1039 | G28: ='토목 및 기타'!I17 -> 2827.541 | H28: ='토목 및 기타'!J17 -> 2934.6923 | I28: ='토목 및 기타'!K17 -> 3002.7555 | J28: ='토목 및 기타'!L17 -> 3074.7184
B29: 기타 | C29: 1296.5 | D29: 1336.2 | E29: 1492.4 | F29: ='토목 및 기타'!H18 -> 1383.3745 | G29: ='토목 및 기타'!I18 -> 1280.1018 | H29: ='토목 및 기타'!J18 -> 1216.2041 | I29: ='토목 및 기타'!K18 -> 1167.6279 | J29: ='토목 및 기타'!L18 -> 1167.8978
B30: 내부거래 제거 | C30: -403.5 | D30: -693.9 | E30: -431.9 | F30: =SUM(F26:F29)*E34 -> -574.94947 | G30: =SUM(G26:G29)*$E$34 -> -593.07594 | H30: =SUM(H26:H29)*$E$34 -> -613.05215 | I30: =SUM(I26:I29)*$E$34 -> -640.30523 | J30: =SUM(J26:J29)*$E$34 -> -688.8668 | K30: [Avg Rate] 내부거래 전 매출액 중 과거 내부거래액 평균 비중 적용하여 추정
B33: 내부거래 제거 비중 | C33: =C30/SUM(C26:C29) -> -0.018643872 | D33: =D30/SUM(D26:D29) -> -0.022866878 | E33: =E30/SUM(E26:E29) -> -0.013047511
D34: Geomean | E34: {=GEOMEAN(C33:E33+1)-1} -> -0.01819432

Sheet 건축주택
B1: 건축/주택 매출
B5: 건축/주택 부문 신규수주
B6: (단위: 십억 원) | C6: 2020 | D6: 2021 | E6: 2022 | F6: 2023 | G6: 2024 | H6: 2025E | I6: 2026E | J6: 2027E | K6: 2028E | L6: 2029E
B7: 건축/주택 | C7: 17263 | D7: 21451.1 | E7: 24480 | F7: 19942.1 | G7: 21454.5 | H7: =H8+H9 -> 25245.612 | I7: =I8+I9 -> 22120.445 | J7: =J8+J9 -> 22811.32 | K7: =K8+K9 -> 23489.777 | L7: =L8+L9 -> 22822.032
B8: 도시정비사업 | C8: 5301 | D8: 7402.651 | E8: 11404.6 | F8: 6902.2 | G8: 7639.4 | H8: ='건축주택-정비사업'!H7 -> 11750.9 | I8: ='건축주택-정비사업'!I7 -> 8764.1667 | J8: ='건축주택-정비사업'!J7 -> 9384.8222 | K8: ='건축주택-정비사업'!K7 -> 9966.6296 | L8: ='건축주택-정비사업'!L7 -> 9371.8728 | M8: [별도추정] '건축주택-정비사업' 시트 참고
B9: 비도시정비사업 | C9: 11962 | D9: 14048.449 | E9: 13075.4 | F9: 13039.9 | G9: 13815.1 | H9: =AVERAGE(D9:G9) -> 13494.712 | I9: =AVERAGE(E9:H9) -> 13356.278 | J9: =AVERAGE(F9:I9) -> 13426.498 | K9: =AVERAGE(G9:J9) -> 13523.147 | L9: =AVERAGE(H9:K9) -> 13450.159 | M9: [이동평균] 투자분석 과정에서 특이적 투자아이디어 발견할 수 없고 특별한 경향성 없어 4개년 이동평균 활용하여 보수적 추정
B12: 건축/주택 부문 수주잔고
B13: (단위: 십억 원) | C13: 2020 | D13: 2021 | E13: 2022 | F13: 2023 | G13: 2024 | H13: 2025E | I13: 2026E | J13: 2027E | K13: 2028E | L13: 2029E
B14: 건축/주택 | C14: 43815.6 | D14: 53361.4 | E14: 60033 | F14: 59317.5 | G14: 59333 | H14: =H15+H16 -> 64650.241 | I14: =I15+I16 -> 65710.867 | J14: =J15+J16 -> 67451.4 | K14: =K15+K16 -> 69021.794 | L14: =L15+L16 -> 68936.021
B15: 도시정비사업 | C15: 13454.585 | D15: 16136.267 | E15: 34332.009 | F15: 19083.234 | G15: 19234.017 | H15: ='건축주택-정비사업'!H8 -> 22463.255 | I15: ='건축주택-정비사업'!I8 -> 22168.273 | J15: ='건축주택-정비사업'!J8 -> 22868.601 | K15: ='건축주택-정비사업'!K8 -> 23598.041 | L15: ='건축주택-정비사업'!L8 -> 22983.524 | M15: [별도추정] '건축주택-정비사업' 시트 참고
B16: 비도시정비사업 | C16: 30361.015 | D16: 37225.133 | E16: 25700.991 | F16: 40234.266 | G16: 40098.983 | H16: =G16-H23+H9 -> 42186.986 | I16: =H16-I23+I9 -> 43542.593 | J16: =I16-J23+J9 -> 44582.799 | K16: =J16-K23+K9 -> 45423.753 | L16: =K16-L23+L9 -> 45952.498 | M16: [잔고 계산] 수주잔고 = 전기 수주잔고 - 당기 매출액 + 당기 신규수주
B17: *IR 및 언론 발표 자료를 통해 도시정비사업과 그 외 비도시정비사업의 수주잔고로 분류
B19: 건축/주택 부문 매출액
B20: (단위: 십억 원) | C20: 2020 | D20: 2021 | E20: 2022 | F20: 2023 | G20: 2024 | H20: 2025E | I20: 2026E | J20: 2027E | K20: 2028E | L20: 2029E
B21: 건축/주택 | C21: 11484.82 | D21: 14600.112 | E21: 16756.501 | F21: 20264.378 | G21: 22507.037 | H21: =H22+H23 -> 19928.372 | I21: =I22+I23 -> 21059.819 | J21: =J22+J23 -> 21070.786 | K21: =K22+K23 -> 21919.382 | L21: =L22+L23 -> 22907.805
B22: 도시정비사업 | C22: 2740.3802 | D22: 3119.9392 | E22: 7149.1992 | F22: 6337.7217 | G22: 7131.4625 | H22: ='건축주택-정비사업'!H9 -> 8521.6623 | I22: ='건축주택-정비사업'!I9 -> 9059.1481 | J22: ='건축주택-정비사업'!J9 -> 8684.4945 | K22: ='건축주택-정비사업'!K9 -> 9237.1893 | L22: ='건축주택-정비사업'!L9 -> 9986.3907 | M22: [별도추정] '건축주택-정비사업' 시트 참고
B23: 비도시정비사업 | C23: 6183.8198 | D23: 7197.4608 | E23: 5351.9008 | F23: 13362.178 | G23: 14867.637 | H23: =G16*$C$31 -> 11406.709 | I23: =H16*$C$31 -> 12000.671 | J23: =I16*$C$31 -> 12386.292 | K23: =J16*$C$31 -> 12682.193 | L23: =K16*$C$31 -> 12921.414 | M23: [전환율 기반] 5년 평균 매출전환율 고려하여 전기 수주잔고에 적용하여 매출액 추정
B26: 비정비사업 매출전환율 추정
B27: (단위: 십억 원) | C27: 2020 | D27: 2021 | E27: 2022 | F27: 2023 | G27: 2024
B28: 수주잔고 | C28: 30361.015 | D28: 37225.133 | E28: 25700.991 | F28: 40234.266 | G28: 40098.983
B29: 매출액 | C29: 6183.8198 | D29: 7197.4608 | E29: 5351.9008 | F29: 13362.178 | G29: 14867.637
B30: 매출전환율 | D30: =D29/C28 -> 0.23706259 | E30: =E29/D28 -> 0.14377117 | F30: =F29/E28 -> 0.51990906 | G30: =G29/F28 -> 0.36952675
B31: Avg 매출전환율 | C31: =GEOMEAN(D30:G30) -> 0.28446381
B32: *매출전환율(BBR) = 당기 매출액/전기 수주잔고

Sheet 건축주택-정비사업
B1: 건축/주택 - 정비사업 추정
B5: 도시정비사업 수주 및 매출 추정(종합)
B6: (단위: 십억 원) | C6: 2020 | D6: 2021 | E6: 2022 | F6: 2023 | G6: 2024 | H6: 2025E | I6: 2026E | J6: 2027E | K6: 2028E | L6: 2029E
B7: 신규수주 | C7: 5301 | D7: 7402.651 | E7: 11404.6 | F7: 6902.2 | G7: 7639.4 | H7: =H19 -> 11750.9 | I7: =I19 -> 8764.1667 | J7: =J19 -> 9384.8222 | K7: =K19 -> 9966.6296 | L7: =L19 -> 9371.8728
B8: 수주잔고 | C8: 13454.585 | D8: 16136.267 | E8: 34332.009 | F8: 19083.234 | G8: 19234.017 | H8: =G8+H7-H9 -> 22463.255 | I8: =H8+I7-I9 -> 22168.273 | J8: =I8+J7-J9 -> 22868.601 | K8: =J8+K7-K9 -> 23598.041 | L8: =K8+L7-L9 -> 22983.524
B9: 매출 | C9: 5301 | D9: 7402.651 | E9: 11404.6 | F9: 6902.2 | G9: 7639.4 | H9: =H10+H11 -> 8521.6623 | I9: =I10+I11 -> 9059.1481 | J9: =J10+J11 -> 8684.4945 | K9: =K10+K11 -> 9237.1893 | L9: =L10+L11 -> 9986.3907
B10: 신규수주분 | C10: 0 | D10: 0 | E10: 0 | F10: 0 | G10: 0 | H10: =G47 -> 0 | I10: =H47 -> 0 | J10: =I47 -> 546.69662 | K10: =J47 -> 1595.7533 | L10: =K47 -> 2808.9156
B11: 기존수주분 | C11: 0 | D11: 0 | E11: 0 | F11: 0 | G11: 0 | H11: =H56 -> 8521.6623 | I11: =I56 -> 9059.1481 | J11: =J56 -> 8137.7978 | K11: =K56 -> 7641.436 | L11: =L56 -> 7177.4751
B14: 도시정비사업 신규수주 추정
B17: 도시정비사업 신규수주 추정
B18: (단위: 십억 원) | C18: 2020 | D18: 2021 | E18: 2022 | F18: 2023 | G18: 2024 | H18: 2025E | I18: 2026E | J18: 2027E | K18: 2028E | L18: 2029E | N18: 신규수주 추정논리
B19: 신규수주 | C19: 5301 | D19: 7402.651 | E19: 11404.6 | F19: 6902.2 | G19: 7639.4 | H19: =도시정비_RAW!H134 -> 11750.9 | I19: =AVERAGE(F19:H19) -> 8764.1667 | J19: =AVERAGE(G19:I19) -> 9384.8222 | K19: =AVERAGE(H19:J19) -> 9966.6296 | L19: =AVERAGE(I19:K19) -> 9371.8728 | N19: 1. 2025년의 경우 기확보한 수주누계와 향후 연내 수주가능성 높은 사업지를 보수적으로 고려하여 추정함('2025년 신규수주 누계 및 추정' 표 참조)
B20: YoY(%) | C20: =C19/1954.3-1 -> 1.7124802 | D20: =D19/C19-1 -> 0.39646312 | E20: =E19/D19-1 -> 0.54061025 | F20: =F19/E19-1 -> -0.39478807 | G20: =G19/F19-1 -> 0.10680653 | H20: =H19/G19-1 -> 0.53819672 | I20: =I19/H19-1 -> -0.2541706 | J20: =J19/I19-1 -> 0.070817407 | K20: =K19/J19-1 -> 0.061994505 | L20: =L19/K19-1 -> -0.059674816 | N20: 2. 2026~2029년의 경우 전국 사업지 진행상황 추정에 한계가 있어, 3년 이동평균 적용하여 추정함
B23: 2025년 신규수주 누계 및 추정
B24: (단위: 십억 원) | D24: 시공사선정일 | E24: 수주금액 | F24: 비고
B25: 부산 연산5구역 재건축 | D25: 45739 | E25: 765.7 | F25: 롯데건설과의 컨소시엄 단위로서 총 공사비 1444.7십억 중 53% 지분
B26: 수원 구운1구역 재건축 | D26: 45745 | E26: 312.3 | F26: 롯데건설과의 컨소시엄 단위로서 총 공사비 665.0십억 중 47% 지분
B27: 서울 장위9구역 재개발 | D27: 45773 | E27: 350.2 | F27: DL이앤씨와의 컨소시엄 단위로서 총 공사비 875.5십억 중 40% 지분
B28: 서울 개포주공 6·7단지 재건축 | D28: 45801 | E28: 1513.8 | F28: 단독 수주
B29: 서울 면목7구역 재개발 | D29: 45822 | E29: 291.9 | F29: SK에코플랜트와의 컨소시엄 단위로서 총 공사비 595.8십억 중 49% 지분
B30: 구리 수택동 재개발 | D30: 45829 | E30: 1964.8 | F30: 포스코이앤씨와의 컨소시엄 단위로서 총 공사비 2806.9십억 중 70% 지분
B31: 서울 미아9-2구역 재건축 | D31: 45836 | E31: 337 | F31: HDC현대산업개발과의 컨소시엄 단위로서 총 공사비 635.8십억 중 53% 지분
B32: 서울 압구정2구역 재건축 | D32: 9월 총회 예정 | E32: 2748.8
B33: 서울 장위15구역 재개발 | D33: 9월 총회 추정 | E33: 1466.3 | F33: 1차 단독입찰로 유찰, 2차 입찰 9월 예정으로 가능성 높음
B34: 서울 성수1지구 재개발 | D34: 연내 선정 예정 | E34: 2000 | F34: 유력건설사인 GS건설 향응제공으로 자격박탈 가능성 높아, 박탈 시 동사 유력
B35: 총합 | E35: =SUM(E25:E34) -> 11750.8
B38: 도시정비사업 매출 추정
B40: (1) 신규수주분 매출 추정
B42: 신규수주분 매출 추정 | N42: 신규수주분 매출 추정논리
B43: 기준연도 | C43: 신규수주 누적액 | D43: 착공연도 | E43: 착공률 | F43: 착공규모 | G43: 2025E | H43: 2026E | I43: 2027E | J43: 2028E | K43: 2029E | N43: 1. 신규수주 중 지연되지 않고 정상착공 진행될 비율은, 동사 공시를 기반으로 35.4%로 추정함.('정상착공율 추정' 표 참조)
B44: 2025E | C44: =H7 -> 11750.9 | D44: 2027E | E44: 0.3542 | F44: =C44*E44 -> 4162.1688 | G44: 0 | H44: 0 | I44: =$F44*I67 -> 546.69662 | J44: =$F44*J67 -> 1188.0109 | K44: =$F44*K67 -> 1486.2445 | N44: 2. 정상착공사업은 수주에서 착공시점까지 2년 소요됨을 고려하여, 기준연도 신규수주분은 2년 뒤 착공될 것으로 가정함.('수주-착공 소요기간' 표 참조)
B45: 2026E | C45: =I7 -> 8764.1667 | D45: 2028E | E45: 0.3542 | F45: =C45*E45 -> 3104.2678 | G45: 0 | H45: 0 | I45: 0 | J45: =$F45*I67 -> 407.74241 | K45: =$F45*J67 -> 886.05345 | N45: 3. 해당연도에 착공되는 물량은 도시정비사업 기간별 진행률에 따라 매출 추정함.('기간별 진행률 추정' 표 참조)
B46: 2027E | C46: =J7 -> 9384.8222 | D46: 2029E | E46: 0.3542 | F46: =C46*E46 -> 3324.104 | G46: 0 | H46: 0 | I46: 0 | J46: 0 | K46: =F46*I67 -> 436.61767
F47: 매출액 | I47: =SUM(I44:I46) -> 546.69662 | J47: =SUM(J44:J46) -> 1595.7533 | K47: =SUM(K44:K46) -> 2808.9156
B51: (2) 기존수주분 매출 추정
B53: 기존수주분 매출 추정 | N53: 기존수주분 매출 추정논리
B54: (단위: 십억 원) | C54: 2020 | D54: 2021 | E54: 2022 | F54: 2023 | G54: 2024 | H54: 2025E | I54: 2026E | J54: 2027E | K54: 2028E | L54: 2029E | N54: 1. 기존수주 수주잔고에 매출전환율을 곱하여 매출 추정함.
B55: 기존수주 | C55: =C8 -> 13454.585 | D55: =D8 -> 16136.267 | E55: =E8 -> 34332.009 | F55: =F8 -> 19083.234 | G55: =G8 -> 19234.017 | H55: =G55-H56+H7 -> 22463.255 | I55: =H55-I56+I7 -> 22168.273 | J55: =I55-J56+J7-I47 -> 22868.601 | K55: =J55-K56+K7-J47 -> 23598.041 | L55: =K55-L56+L7-K47 -> 22983.524 | N55: 2. 매출전환율은 투자포인트1에서 언급하였듯이 규제완화와 경기진작에 따라 착공률 증가할 것으로 전망, 이에 주택경기 호황이던 2022년 매출전환율을 25년 적용 후, 29년까지 평균 수준으로 체감하도록 추정함.
B56: 기존수주 매출 | C56: 2740.3802 | D56: 3119.9392 | E56: 7149.1992 | F56: 6337.7217 | G56: 7131.4625 | H56: =G55*H57 -> 8521.6623 | I56: =H55*I57 -> 9059.1481 | J56: =I55*J57 -> 8137.7978 | K56: =J55*K57 -> 7641.436 | L56: =K55*L57 -> 7177.4751
B57: 매출전환율 | D57: =D56/C55 -> 0.2318867 | E57: =E56/D55 -> 0.44305161 | F57: =F56/E55 -> 0.18460096 | G57: =G56/F55 -> 0.37370303 | H57: =E57 -> 0.44305161 | I57: =H57*(1+RATE(4,0,-$H$57,$L$57)) -> 0.40328742 | J57: =I57*(1+RATE(4,0,-$H$57,$L$57)) -> 0.36709209 | K57: =J57*(1+RATE(4,0,-$H$57,$L$57)) -> 0.33414532 | L57: {=GEOMEAN(D57:G57+1)-1} -> 0.30415554
B58: *매출전환율(BBR) = 당기 매출액/전기 수주잔고
B62: 착공률 및 기간별 정비사업 진행률 추정
B65: 정상착공율 추정 | E65: 수주-착공 소요기간 | H65: 기간별 진행률 추정 | N65: 정비사업 호황기인 2015년과 2022년을 기준으로 동사가 시행중인 도시정비사업 수주를 분석하였다.
B66: (단위: %) | C66: 사업 수 | E66: (단위: 년) | F66: 기간 | H66: (단위: %) | I66: T+1 | J66: T+2 | K66: T+3 | L66: T+4 | N66: 일정규모 이상에 해당하는 정비사업에 대하여 아래와 같은 내용을 분석하였다.
B67: 2015년 | C67: =COUNT(G74:G76)/(COUNT(G74:G76)+COUNT(G77:G81)) -> 0.375 | E67: 정상착공 | F67: =(SUM(E74:E76,E85:E86)-SUM(D74:D76,D85:D86))/5/365 -> 2.0558904 | H67: 연도별 | I67: =I68 -> 0.13134898 | J67: =J68-I68 -> 0.28543073 | K67: =K68-J68 -> 0.35708414 | L67: =L68-K68 -> 0.21806424 | N67: 1) 시공사선정으로부터 착공까지 지연여부 확인 → 해당연도 착공지연율 추정
B68: 2022년 | C68: =COUNT(G85:G86)/(COUNT(G85:G86)+COUNT(G87:G90)) -> 0.33333333 | E68: 지연착공 | F68: =(SUM(E77:E81,E87:E90)-SUM(D77:D81,D87:D90))/9/365 -> 10.096499 | H68: 누적 | I68: =GEOMEAN(H74:H81,H85:H90) -> 0.13134898 | J68: =GEOMEAN(I74:I81,I85:I90) -> 0.41677971 | K68: =GEOMEAN(J74:J90) -> 0.77386386 | L68: =GEOMEAN(K74:K81,K85:K90) -> 0.9919281 | N68: 2) 착공 이후 연차별 진행률 분석 → 기간별 평균 진행률 추정
B69: 평균 | C69: =AVERAGE(C67:C68) -> 0.35416667
B72: 2015년 정비사업
B73: 사업명 | C73: 지연여부 | D73: 시공사선정일 | E73: 공사착공일(T) | F73: 완공예정일 | G73: 기본도급액 | H73: T+1 | I73: T+2 | J73: T+3 | K73: T+4 | L73: T+5
B74: 화정주공아파트 | C74: 정상 | D74: 40666 | E74: 41000 | F74: 42124 | G74: 674628 | H74: 0.126 | I74: 0.459 | J74: 0.819 | K74: 1
B75: 왕십리뉴타운3구역 | C75: 정상 | D75: 40879 | E75: 41585 | F75: 42680 | G75: 241435 | H75: 0.114 | I75: 0.443 | J75: 0.885 | K75: 1
B76: 해운대주공 | C76: 정상 | D76: 39733 | E76: 40207 | F76: 42094 | G76: 346620 | H76: 0.14 | I76: 0.32 | J76: 0.646 | K76: 0.9 | L76: 1
B77: 가락시영아파트 | C77: 지연 | D77: 36618 | E77: 42248 | F77: 43374 | G77: 575615 | H77: 0.131 | I77: 0.452 | J77: 0.886 | K77: 1
B78: 고덕시영 | C78: 지연 | D78: 38809 | E78: 41639 | F78: 42766 | G78: 352287 | H78: 0.134 | I78: 0.463 | J78: 0.8629 | K78: 1
B79: 개포주공3단지 | C79: 지연 | D79: 36486 | E79: 42613 | F79: 43707 | G79: 369096 | H79: 0.0971 | I79: 0.397 | J79: 0.979 | K79: 1
B80: 지금동 재건축 | C80: 지연 | D80: 37558 | E80: 41030 | F80: 42190 | G80: 226350 | H80: 0.179 | I80: 0.367 | J80: 0.853 | K80: 1
B81: 응암1구역 | C81: 지연 | D81: 40047 | E81: 42004 | F81: 42854 | G81: 186874 | H81: 0.167 | I81: 0.62 | J81: 1
B83: 2022년 정비사업
B84: 사업명 | C84: 지연여부 | D84: 시공사선정 | E84: 공사착공일(T) | F84: 완공예정일 | G84: 기본도급액 | H84: T+1 | I84: T+2 | J84: T+3 | K84: T+4 | L84: T+5
B85: 개포주공1단지 | C85: 정상 | D85: 42850 | E85: 43985 | F85: 45232 | G85: 1074100 | H85: 0.1257 | I85: 0.3934 | J85: 0.7379 | K85: 1
B86: 주안1구역 | C86: 정상 | D86: 42667 | E86: 43770 | F86: 45095 | G86: 322254 | H86: 0.121 | I86: 0.4083 | J86: 0.8614 | K86: 1
B87: ` | C87: 지연 | D87: 40448 | E87: 43678 | F87: 44985 | G87: 477378 | H87: 0.106 | I87: 0.404 | J87: 0.802 | K87: 1
B88: 힐스테이트 홍은 | C88: 지연 | D88: 39980 | E88: 43739 | F88: 44865 | G88: 143346 | H88: 0.1845 | I88: 0.5001 | J88: x | K88: 1
B89: 둔촌주공 | C89: 지연 | D89: 40426 | E89: 43800 | F89: 45657 | G89: 1222972 | H89: 0.0827 | I89: 0.229 | J89: 0.3027 | K89: 1
B90: 힐스테이트 수원 | C90: 지연 | D90: 41012 | E90: 43800 | F90: 44804 | G90: 316687 | H90: 0.1805 | I90: 0.522 | J90: x | K90: 1

Sheet 플랜트
B1: 플랜트 매출
B5: 플랜트 부문 신규수주
B6: (단위: 십억 원) | C6: 2020 | D6: 2021 | E6: 2022 | F6: 2023 | G6: 2024 | H6: 2025E | I6: 2026E | J6: 2027E | K6: 2028E | L6: 2029E
B7: 플랜트 | C7: =C8+C9 -> 5171.8 | D7: =D8+D9 -> 5584.7 | E7: =E8+E9 -> 5788.3 | F7: =F8+F9 -> 7840 | G7: =G8+G9 -> 5089.1 | H7: =H8+H9 -> 9045.525 | I7: =I8+I9 -> 11198.231 | J7: =J8+J9 -> 16233.923 | ... L7: =L8+L9 -> 8377.5907
B8: 비원전 플랜트 | C8: 5171.8 | D8: 5584.7 | E8: 5788.3 | F8: 7840 | G8: 5089.1 | H8: =AVERAGE(D8:G8) -> 6075.525 | I8: =AVERAGE(E8:H8) -> 6198.2313 | J8: =AVERAGE(F8:I8) -> 6300.7141 | K8: =AVERAGE(G8:J8) -> 5915.8926 | L8: =AVERAGE(H8:K8) -> 6122.5907 | M8: [이동평균] 투자분석 과정에서 특이적 투자아이디어 발견할 수 없고 특별한 경향성 없어 4개년 이동평균 활용하여 보수적 추정
B9: 원전 플랜트 | C9: 0 | D9: 0 | E9: 0 | F9: 0 | G9: 0 | H9: ='플랜트-원전'!C7 -> 2970 | I9: ='플랜트-원전'!D7 -> 5000 | J9: ='플랜트-원전'!E7 -> 9933.209 | K9: ='플랜트-원전'!F7 -> 9044.1 | L9: ='플랜트-원전'!G7 -> 2255 | M9: [별도추정] '플랜트-원전' 시트 참고
B12: 플랜트 부문 수주잔고
B13: (단위: 십억 원) | C13: 2020 | D13: 2021 | E13: 2022 | F13: 2023 | G13: 2024 | H13: 2025E | I13: 2026E | J13: 2027E | K13: 2028E | L13: 2029E
B14: 플랜트 | C14: =SUM(C16,C15) -> 11692.6 | D14: =SUM(D16,D15) -> 14507 | E14: =SUM(E16,E15) -> 13678.4 | F14: =SUM(F16,F15) -> 13910.3 | G14: =SUM(G16,G15) -> 17320 | H14: =H15+H16 -> 18676.184 | I14: =I15+I16 -> 22445.114 | J14: =J15+J16 -> 30206.021 | K14: =K15+K16 -> 36063.191 | L14: =L15+L16 -> 33729.563
B15: 비원전 플랜트 | C15: 11540 | D15: 14354.4 | E15: 13561.9 | F15: 13781.7 | G15: 17280.3 | H15: =G15-H22+H8 -> 15854.684 | I15: =H15-I22+I8 -> 15170.614 | J15: =I15-J22+J8 -> 14885.972 | K15: =J15-K22+K8 -> 14340.068 | L15: =K15-L22+L8 -> 14237.832 | M15: [잔고 계산] 수주잔고 = 전기 수주잔고 - 당기 매출액 + 당기 신규수주
B16: 원전 플랜트 | C16: 152.6 | D16: 152.6 | E16: 116.5 | F16: 128.6 | G16: 39.7 | H16: ='플랜트-원전'!C10 -> 2821.5 | I16: ='플랜트-원전'!D10 -> 7274.5 | J16: ='플랜트-원전'!E10 -> 15320.049 | K16: ='플랜트-원전'!F10 -> 21723.123 | L16: ='플랜트-원전'!G10 -> 19491.731 | M16: [별도추정] '플랜트-원전' 시트 참고
B19: 플랜트 부문 매출액
B20: (단위: 십억 원) | C20: 2020 | D20: 2021 | E20: 2022 | F20: 2023 | G20: 2024 | H20: 2025E | I20: 2026E | J20: 2027E | K20: 2028E | L20: 2029E
B21: 플랜트 | C21: =C22+C23 -> 4796.65 | D21: =D22+D23 -> 4649.205 | E21: =E22+E23 -> 5386.967 | F21: =F22+F23 -> 6569.144 | G21: =G22+G23 -> 6830.398 | H21: =H22+H23 -> 7649.6414 | I21: =I22+I23 -> 7429.3008 | J21: =J22+J23 -> 8473.0161 | ... L21: =L22+L23 -> 10711.219
B22: 비원전 플랜트 | C22: 4741.45 | D22: 4649.205 | E22: 5304.267 | F22: 6541.644 | G22: 6814.398 | H22: =G15*$C$31 -> 7501.1414 | I22: =H15*$C$31 -> 6882.3008 | J22: =I15*$C$31 -> 6585.3556 | K22: =J15*$C$31 -> 6461.7966 | L22: =K15*$C$31 -> 6224.8272 | M22: [전환율 기반] 5년 평균 매출전환율 고려하여 전기 수주잔고에 적용하여 매출액 추정
B23: 원전 플랜트 | C23: 55.2 | D23: 0 | E23: 82.7 | F23: 27.5 | G23: 16 | H23: ='플랜트-원전'!C13 -> 148.5 | I23: ='플랜트-원전'!D13 -> 547 | J23: ='플랜트-원전'!E13 -> 1887.6605 | K23: ='플랜트-원전'!F13 -> 2641.0259 | L23: ='플랜트-원전'!G13 -> 4486.3913 | M23: [별도추정] '플랜트-원전' 시트 참고
B26: 비원전플랜트 매출전환율 추정
B27: (단위: 십억 원) | C27: 2020 | D27: 2021 | E27: 2022 | F27: 2023 | G27: 2024
B28: 수주잔고 | C28: 11540 | D28: 14354.4 | E28: 13561.9 | F28: 13781.7 | G28: 17280.3
B29: 매출액 | C29: 4741.45 | D29: 4649.205 | E29: 5304.267 | F29: 6541.644 | G29: 6814.398
B30: 매출전환율 | D30: =D29/C28 -> 0.40287738 | E30: =E29/D28 -> 0.36952203 | F30: =F29/E28 -> 0.48235454 | G30: =G29/F28 -> 0.49445264
B31: Avg 매출전환율 | C31: =GEOMEAN(D30:G30) -> 0.43408629
B32: *매출전환율(BBR) = 당기 매출액/전기 수주잔고

Sheet 플랜트-원전
B1: 플랜트 - 원전 플랜트 추정
B5: 원전 플랜트 수주 및 매출 추정(종합)
B6: (단위: 십억 원) | C6: 2025E | D6: 2026E | E6: 2027E | F6: 2028E | G6: 2029E | H6: 2030E | I6: 2031E | J6: 2032E | K6: 2033E | L6: 2034E
B7: 신규수주 | C7: =C8+C9 -> 2970 | D7: =D8+D9 -> 5000 | E7: =E8+E9 -> 9933.209 | F7: =F8+F9 -> 9044.1 | G7: =G8+G9 -> 2255 | H7: =H8+H9 -> 0 | I7: =I8+I9 -> 0 | J7: =J8+J9 -> 0 | ... L7: =L8+L9 -> 0
B8: 대형원전 | C8: =C27 -> 0 | D8: =D27 -> 5000 | E8: =E27 -> 7678.209 | F8: =F27 -> 9044.1 | G8: =G27 -> 0 | H8: =H27 -> 0 | I8: =I27 -> 0 | J8: =J27 -> 0 | ... L8: =L27 -> 0
B9: SMR | C9: =C58 -> 2970 | D9: =D58 -> 0 | E9: =E58 -> 2255 | F9: =F58 -> 0 | G9: =G58 -> 2255 | H9: =H58 -> 0 | I9: =I58 -> 0 | J9: =J58 -> 0 | ... L9: =L58 -> 0
B10: 수주잔고 | C10: =C11+C12 -> 2821.5 | D10: =D11+D12 -> 7274.5 | E10: =E11+E12 -> 15320.049 | F10: =F11+F12 -> 21723.123 | G10: =G11+G12 -> 19491.731 | H10: =H11+H12 -> 15372.635 | I10: =I11+I12 -> 10761.289 | J10: =J11+J12 -> 6939.1923 | ... L10: =L11+L12 -> 1641.8846
B11: 대형원전 | C11: =C28 -> 0 | D11: =D28 -> 4750 | E11: =E28 -> 11544.299 | F11: =F28 -> 18618.373 | G11: =G28 -> 15812.231 | H11: =H28 -> 12553.885 | I11: =I28 -> 9295.5386 | J11: =J28 -> 6037.1923 | ... L11: =L28 -> 1641.8846
B12: SMR | C12: =C59 -> 2821.5 | D12: =D59 -> 2524.5 | E12: =E59 -> 3775.75 | F12: =F59 -> 3104.75 | G12: =G59 -> 3679.5 | H12: =H59 -> 2818.75 | I12: =I59 -> 1465.75 | J12: =J59 -> 902 | ... L12: =L59 -> 0
B13: 매출 | C13: =C14+C15 -> 148.5 | D13: =D14+D15 -> 547 | E13: =E14+E15 -> 1887.6605 | F13: =F14+F15 -> 2641.0259 | G13: =G14+G15 -> 4486.3913 | H13: =H14+H15 -> 4119.0963 | I13: =I14+I15 -> 4611.3464 | J13: =J14+J15 -> 3822.0964 | ... L13: =L14+L15 -> 1962.4613
B14: 대형원전 | C14: =C29 -> 0 | D14: =D29 -> 250 | E14: =E29 -> 883.91045 | F14: =F29 -> 1970.0259 | G14: =G29 -> 2806.1413 | H14: =H29 -> 3258.3463 | I14: =I29 -> 3258.3464 | J14: =J29 -> 3258.3464 | ... L14: =L29 -> 1736.9613
B15: SMR | C15: =C60 -> 148.5 | D15: =D60 -> 297 | E15: =E60 -> 1003.75 | F15: =F60 -> 671 | G15: =G60 -> 1680.25 | H15: =H60 -> 860.75 | I15: =I60 -> 1353 | J15: =J60 -> 563.75 | ... L15: =L60 -> 225.5
B16: 매출원가 | C16: =C17+C19 -> 138.105 | D16: =D17+D19 -> 511.0225 | E16: =E17+E19 -> 1763.7004 | F16: =F17+F19 -> 2474.3768 | G16: =G17+G19 -> 4198.3008 | H16: =H17+H19 -> 3860.8993 | I16: =I17+I19 -> 4318.6918 | J16: =J17+J19 -> 3584.6893 | ... L16: =L17+L19 -> 1841.1559 | Q16: 원가율 추정논리
B17: 대형원전 | C17: =C14*C18 -> 0 | D17: =D14*D18 -> 234.8125 | E17: =E14*E18 -> 830.21289 | F17: =F14*F18 -> 1850.3468 | G17: =G14*G18 -> 2635.6683 | H17: =H14*H18 -> 3060.4018 | I17: =I14*I18 -> 3060.4018 | J17: =J14*J18 -> 3060.4018 | ... L17: =L14*L18 -> 1631.4409 | Q17: 기존 시공(C)만 담당하던 바라카 원전 사업의 GPM은 약 3.5%로 추정. 하지만 컨소시엄 단위의 수주로 EPC 전 영역에 참여하게 되며 GPM 상승할 것으로 추정, 업계 자료 바탕으로 향후 GPM 추정함.
B18: 원가율 | C18: =1-0.06075 -> 0.93925 | D18: =1-0.06075 -> 0.93925 | E18: =1-0.06075 -> 0.93925 | F18: =1-0.06075 -> 0.93925 | G18: =1-0.06075 -> 0.93925 | H18: =1-0.06075 -> 0.93925 | I18: =1-0.06075 -> 0.93925 | J18: =1-0.06075 -> 0.93925 | ... L18: =1-0.06075 -> 0.93925 | Q18: 업계 평균 E/P/C의 각 단계별 수주액 비중과 평균 GPM은 각각 15%/10%, 40%/7.5%, 45%/3.5%로 추정됨. 각 단계별 수주액 비중에 평균 GPM을 곱한 후 합하여 총 GPM을 추정하여, 6.075%를 적용함.
B19: SMR | C19: =C15*C20 -> 138.105 | D19: =D15*D20 -> 276.21 | E19: =E15*E20 -> 933.4875 | F19: =F15*F20 -> 624.03 | G19: =G15*G20 -> 1562.6325 | H19: =H15*H20 -> 800.4975 | I19: =I15*I20 -> 1258.29 | J19: =J15*J20 -> 524.2875 | ... L19: =L15*L20 -> 209.715 | Q19: SMR은 과거 시공 이력이 존재하지 않지만, 통상적으로 대형 원전에 비해 짧은 공기와 모듈화 설계 구조로 변동성이 작고 시공 단계에서의 리스크 관리가 용이함.
B20: 원가율 | C20: =93% -> 0.93 | D20: =93% -> 0.93 | E20: =93% -> 0.93 | F20: =93% -> 0.93 | G20: =93% -> 0.93 | H20: =93% -> 0.93 | I20: =93% -> 0.93 | J20: =93% -> 0.93 | ... L20: =93% -> 0.93 | Q20: 이를 반영하기 위해, 1.33배의 프리미엄을 적용하여 SMR의 GPM을 8%로 적용함.
B22: 대형 원전 수주 및 매출 추정
B25: 대형원전 수주 및 매출 추정 | Q25: 대형원전 전체 추정논리
B26: (단위: 십억 원) | C26: 2025E | D26: 2026E | E26: 2027E | F26: 2028E | G26: 2029E | H26: 2030E | I26: 2031E | J26: 2032E | K26: 2033E | L26: 2034E | Q26: 1. 건설회계 수익인식기준에 의해 공사 진행률에 따라 매출인식 및 수주잔고 소진을 추정하였으며, 이에 동사가 기 시공했던 UAE 바라카 원전사업의 연도별 진행률을 바탕으로 진행단계별 진행률(매출인식률) 추정함
B27: 신규수주 | C27: 0 | D27: =O36 -> 5000 | E27: =O43 -> 7678.209 | F27: =O50 -> 9044.1 | G27: 0 | H27: 0 | I27: 0 | J27: 0 | K27: 0 | L27: 0 | Q27: 2. 각 사업 별 수주잔고 인식시점은 '기본설계/인허가' 시작 시점으로 추정함 | X27: 1546
B28: 수주잔고 | C28: =C35+C42+C49 -> 0 | D28: =D35+D42+D49 -> 4750 | E28: =E35+E42+E49 -> 11544.299 | F28: =F35+F42+F49 -> 18618.373 | G28: =G35+G42+G49 -> 15812.231 | H28: =H35+H42+H49 -> 12553.885 | I28: =I35+I42+I49 -> 9295.5386 | J28: =J35+J42+J49 -> 6037.1923 | ... L28: =L35+L42+L49 -> 1641.8846 | Q28: 3. 유럽 프로젝트에 대한 수주액 추정을 위한 기준 환율은 1600원/￡로 Flat 추정함
B29: 매출 | C29: =C34+C41+C48 -> 0 | D29: =D34+D41+D48 -> 250 | E29: =E34+E41+E48 -> 883.91045 | F29: =F34+F41+F48 -> 1970.0259 | G29: =G34+G41+G48 -> 2806.1413 | H29: =H34+H41+H48 -> 3258.3463 | I29: =I34+I41+I48 -> 3258.3464 | J29: =J34+J41+J48 -> 3258.3464 | ... L29: =L34+L41+L48 -> 1736.9613 | Q29: 4. 총 사업비 중 EPC 수주액과 현대건설 지분율은 동사 IR 문의 결과 50~60%로, 보수적 추정을 위해 50% 가정하여 추정함
B31: 수주1. 불가리아 코즐로두이 대형원전 AP1000 × 2기 | N31: 내용 추정 | Q31: 불가리아 코즐로두이 대형원전 수주 내용 추정논리
B32: (단위: 십억 원) | C32: 2025E | D32: 2026E | E32: 2027E | F32: 2028E | G32: 2029E | H32: 2030E | I32: 2031E | J32: 2032E | K32: 2033E | L32: 2034E | N32: (단위: 십억 원) | Q32: 1. 총 사업비 : 동사가 기 발표한 금액인 10조원 적용함
B33: 진행률 | C33: 0 | D33: 0.05 | E33: 0.15 | F33: 0.3 | G33: 0.45 | H33: 0.6 | I33: 0.75 | J33: 0.9 | K33: 0.93 | L33: 0.96 | N33: 총 사업비 | O33: 10000 | Q33: 2. 사업 공사기간 : 동사 시공계획에 의해 2035년 완공 추정함
B34: 완성공사액 | C34: =O36*C33 -> 0 | D34: =(D33-C33)*$O36 -> 250 | E34: =(E33-D33)*$O36 -> 500 | F34: =(F33-E33)*$O36 -> 750 | G34: =(G33-F33)*$O36 -> 750 | H34: =(H33-G33)*$O36 -> 750 | I34: =(I33-H33)*$O36 -> 750 | J34: =(J33-I33)*$O36 -> 750 | K34: =(K33-J33)*$O36 -> 150 | L34: =(L33-K33)*$O36 -> 150 | N34: EPC 수주액 | O34: =O33*100% -> 10000 | Q34: 3. 사업 진행률 : 동사 발표에 의해 25년 내 기본설계 완료 후, 25년 말 EPC계약체결 및 착공할 것으로 추정함
B35: 계약잔액 | C35: 0 | D35: =$O36-SUM(C34:D34) -> 4750 | E35: =$O36-SUM(C34:E34) -> 4250 | F35: =$O36-SUM(C34:F34) -> 3500 | G35: =$O36-SUM(C34:G34) -> 2750 | H35: =$O36-SUM(C34:H34) -> 2000 | I35: =$O36-SUM(C34:I34) -> 1250 | J35: =$O36-SUM(C34:J34) -> 500 | K35: =$O36-SUM(C34:K34) -> 350 | L35: =$O36-SUM(C34:L34) -> 200 | N35: 추정 지분율 | O35: 0.5
B36: 진행단계 | C36: EWA | D36: 기본설계/인허가 | E36: EPC 계약체결 및 상세설계 | F36: 토목 기초 공사 | G36: 구조물 기계 설비 설치 | H36: 구조물 기계 설비 설치 | I36: 계통 연결 및 시운전 | J36: 상업 운전 개시 | K36: 상업 운전 개시 | L36: 상업 운전 개시 | N36: 추정 수주액 | O36: =O34*O35 -> 5000
B38: 수주2. 핀란드 포툼 대형원전 AP1000 × 1기 | N38: 내용 추정 | Q38: 필란드 포툼 대형원전 수주 내용 추정논리
B39: (단위: 십억 원) | C39: 2025E | D39: 2026E | E39: 2027E | F39: 2028E | G39: 2029E | H39: 2030E | I39: 2031E | J39: 2032E | K39: 2033E | L39: 2034E | N39: (단위: 십억 원) | Q39: 1. 총 사업비 : 추정한 발전용량 당 사업비와 발전규모를 고려하여 추정함
B40: 진행률 | C40: 0 | D40: 0 | E40: 0.05 | F40: 0.15 | G40: 0.3 | H40: 0.45 | I40: 0.6 | J40: 0.75 | K40: 0.9 | L40: 0.93 | N40: 총 사업비 | O40: =1.1*9.03*X27 -> 15356.418 | Q40: - 발전용량 1GW 당 사업비 : 과거 2005년 체결된 당국의 1.6GW규모 대형원전의 총 수주액 80억유로 발생함을 고려하고, 장기인플레이션율 3% 적용하여 추정함.
B41: 완성공사액 | C41: =O43*C40 -> 0 | D41: =(D40-C40)*$O43 -> 0 | E41: =(E40-D40)*$O43 -> 383.91045 | F41: =(F40-E40)*$O43 -> 767.8209 | G41: =(G40-F40)*$O43 -> 1151.7314 | H41: =(H40-G40)*$O43 -> 1151.7314 | I41: =(I40-H40)*$O43 -> 1151.7313 | J41: =(J40-I40)*$O43 -> 1151.7314 | K41: =(K40-J40)*$O43 -> 1151.7314 | L41: =(L40-K40)*$O43 -> 230.34627 | N41: EPC 수주액 | O41: =O40*100% -> 15356.418 | Q41: - 발전규모 : AP1000의 1기 당 통상 발전용량인 1.1GW 추정함
B42: 계약잔액 | C42: 0 | D42: 0 | E42: =$O43-SUM(C41:E41) -> 7294.2985 | F42: =$O43-SUM(C41:F41) -> 6526.4776 | G42: =$O43-SUM(C41:G41) -> 5374.7463 | H42: =$O43-SUM(C41:H41) -> 4223.0149 | I42: =$O43-SUM(C41:I41) -> 3071.2836 | J42: =$O43-SUM(C41:J41) -> 1919.5522 | K42: =$O43-SUM(C41:K41) -> 767.8209 | L42: =$O43-SUM(C41:L41) -> 537.47463 | N42: 추정 지분율 | O42: 0.5 | Q42: 2. 사업 진행률 : 동사 발표에 의해 25년 EWA 진행 중이며, 26년 기본설계/인허가, 27년 EPC 계약 체결 및 착공할 것으로 추정함.
B43: 진행단계 | C43: TFS | D43: EWA | E43: 기본설계/인허가 | F43: EPC 계약체결 및 상세설계 | G43: 토목 기초 공사 | H43: 토목 기초 공사 | I43: 토목 기초 공사 | J43: 구조물 기계 설비 설치 | K43: 계통 연결 및 시운전 | L43: 상업 운전 개시 | N43: 추정 수주액 | O43: =O41*O42 -> 7678.209
B45: 수주3. 슬로베니아 크르슈코 대형원전 AP1000 × 1기 | N45: 내용 추정 | Q45: 슬로베니아 크르슈코 대형원전 수주 내용 추정논리
B46: (단위: 십억 원) | C46: 2025E | D46: 2026E | E46: 2027E | F46: 2028E | G46: 2029E | H46: 2030E | I46: 2031E | J46: 2032E | K46: 2033E | L46: 2034E | N46: (단위: 십억 원) | Q46: 1. 총 사업비 : 슬로베니아 국영 원전기업 GEN energija이 분석한 원전 발전용량 1GW 당 사업비(93억유로)와 대형원전 1기 당 추정 발전규모(1.3GW)를 고려하여 추정함
B47: 진행률 | C47: 0 | D47: 0 | E47: 0 | F47: 0.05 | G47: 0.15 | H47: 0.3 | I47: 0.45 | J47: 0.6 | K47: 0.75 | L47: 0.9 | N47: 총 사업비 | O47: =1.3*9*X27 -> 18088.2 | Q47: 2. 사업 진행률 : 동사 발표에 의해 25년 3분기 내로 TFS 완료 후, 26년 EWA, 27년 기본설계/인허가가 시작될 것으로 추정함.
B48: 완성공사액 | C48: 0 | D48: =(D47-C47)*$O50 -> 0 | E48: =(E47-D47)*$O50 -> 0 | F48: =(F47-E47)*$O50 -> 452.205 | G48: =(G47-F47)*$O50 -> 904.41 | H48: =(H47-G47)*$O50 -> 1356.615 | I48: =(I47-H47)*$O50 -> 1356.615 | J48: =(J47-I47)*$O50 -> 1356.615 | K48: =(K47-J47)*$O50 -> 1356.615 | L48: =(L47-K47)*$O50 -> 1356.615 | N48: EPC 수주액 | O48: =O47*100% -> 18088.2
B49: 계약잔액 | C49: 0 | D49: 0 | E49: 0 | F49: =$O50-SUM(D48:F48) -> 8591.895 | G49: =$O50-SUM(D48:G48) -> 7687.485 | H49: =$O50-SUM(D48:H48) -> 6330.87 | I49: =$O50-SUM(D48:I48) -> 4974.255 | J49: =$O50-SUM(D48:J48) -> 3617.64 | K49: =$O50-SUM(D48:K48) -> 2261.025 | L49: =$O50-SUM(D48:L48) -> 904.41 | N49: 추정 지분율 | O49: 0.5
B50: 진행단계 | D50: TFS | E50: EWA | F50: 기본설계/인허가 | G50: EPC 계약체결 및 상세설계 | H50: 토목 기초 공사 | I50: 구조물 기계 설비 설치 | J50: 구조물 기계 설비 설치 | K50: 계통 연결 및 시운전 | L50: 상업 운전 개시 | N50: 추정 수주액 | O50: =O48*O49 -> 9044.1
B53: SMR 수주 및 매출 추정
B56: SMR 수주 및 매출 추정 | Q56: SMR 전체 추정논리
B57: (단위: 십억 원) | C57: 2025E | D57: 2026E | E57: 2027E | F57: 2028E | G57: 2029E | H57: 2030E | I57: 2031E | J57: 2032E | K57: 2033E | L57: 2034E | Q57: 1. 건설회계 수익인식기준에 의해 공사 진행률에 따라 매출인식 및 수주잔고 소진을 추정하였으며, 이에 협력사인 Holtec의 SMR 프로젝트 진행계획을 참조하여 일반적인 SMR 진행단계별 진행률(매출인식률) 추정함
B58: 신규수주 | C58: =O67 -> 2970 | D58: 0 | E58: =O74 -> 2255 | F58: 0 | G58: =O81 -> 2255 | H58: 0 | I58: 0 | J58: 0 | K58: 0 | L58: 0 | Q58: 2. 총 사업비 중 EPC 수주액과 현대건설 지분율은 동사 IR 문의 결과 55~65%로, 보수적 추정을 위해 55% 가정하여 추정함
B59: 수주잔고 | C59: =C66+C73+C80 -> 2821.5 | D59: =D66+D73+D80 -> 2524.5 | E59: =E66+E73+E80 -> 3775.75 | F59: =F66+F73+F80 -> 3104.75 | G59: =G66+G73+G80 -> 3679.5 | H59: =H66+H73+H80 -> 2818.75 | I59: =I66+I73+I80 -> 1465.75 | J59: =J66+J73+J80 -> 902 | ... L59: =L66+L73+L80 -> 0
B60: 매출 | C60: =C65+C72+C79 -> 148.5 | D60: =D65+D72+D79 -> 297 | E60: =E65+E72+E79 -> 1003.75 | F60: =F65+F72+F79 -> 671 | G60: =G65+G72+G79 -> 1680.25 | H60: =H65+H72+H79 -> 860.75 | I60: =I65+I72+I79 -> 1353 | J60: =J65+J72+J79 -> 563.75 | ... L60: =L65+L72+L79 -> 225.5
B62: 수주1. 팰리세이즈 FOAK 프로젝트 SMR-300 × 2기 | N62: 내용 추정 | Q62: 팰리세이즈 FOAK 프로젝트 내용 추정논리
B63: (단위: 십억 원) | C63: 2025E | D63: 2026E | E63: 2027E | F63: 2028E | G63: 2029E | H63: 2030E | I63: 2031E | J63: 2032E | K63: 2033E | L63: 2034E | N63: (단위: 십억 원) | Q63: 1. 총 사업비 : 동사가 기 발표한 금액인 5.4조원 적용함
B64: 진행률 | C64: 0.05 | D64: 0.15 | E64: 0.45 | F64: 0.6 | G64: 0.9 | H64: 1 | N64: 총 사업비 | O64: 5400 | Q64: 2. 사업 공사기간 : 동사 시공계획에 의해 2030년 완공 추정함
B65: 완성공사액 | C65: =$O$67*C64 -> 148.5 | D65: =$O$67*(D64-C64) -> 297 | E65: =$O$67*(E64-D64) -> 891 | F65: =$O$67*(F64-E64) -> 445.5 | G65: =$O$67*(G64-F64) -> 891 | H65: =$O$67*(H64-G64) -> 297 | N65: EPC 수주액 | O65: 5400 | Q65: 3. 사업 진행률 : 양 사 공동발표에 의해 25년 하반기 착공 추정함
B66: 계약잔액 | C66: =$O$67-C65 -> 2821.5 | D66: =C66-D65 -> 2524.5 | E66: =D66-E65 -> 1633.5 | F66: =E66-F65 -> 1188 | G66: =F66-G65 -> 297 | H66: =G66-H65 -> 0 | N66: 추정 지분율 | O66: 0.55
B67: 진행단계 | C67: 기본 설계 | D67: 상세 설계 | E67: 기자재 조달 | F67: 모듈 제작 | G67: 현장 시공 | H67: 시운전 및 초기 O&M | N67: 추정 수주액 | O67: =O65*O66 -> 2970
B69: 수주2. Holtec 向 수주 가정, SMR-300 × 1기 | N69: 내용 추정 | Q69: Holtec 向 추가 수주 추정논리
B70: (단위: 십억 원) | C70: 2025E | D70: 2026E | E70: 2027E | F70: 2028E | G70: 2029E | H70: 2030E | I70: 2031E | J70: 2032E | K70: 2033E | L70: 2034E | N70: (단위: 십억 원) | Q70: 1. 본 팀은 산업분석 및 투자포인트에서 언급하였듯이, 다음과 같은 논리에 의해 2년 당 SMR 1기 수주할 것으로 추정함.또한 29년 이후는 동사 밸류에이션을 위한 실적 추정연도에 해당되지 않기에 미추정함
B71: 진행률 | E71: 0.05 | F71: 0.15 | G71: 0.45 | H71: 0.6 | I71: 0.9 | J71: 1 | N71: 총 사업비 | O71: 4100 | Q71: - DOE 프로그램 1-Tier 선정 가능성 높으며, 선정 시 지급되는 지원금은 향후 SMR 추가 건설에 대한 가능성 높일 것으로 전망
B72: 완성공사액 | E72: =O74*E71 -> 112.75 | F72: =$O$74*(F71-E71) -> 225.5 | G72: =$O$74*(G71-F71) -> 676.5 | H72: =$O$74*(H71-G71) -> 338.25 | I72: =$O$74*(I71-H71) -> 676.5 | J72: =$O$74*(J71-I71) -> 225.5 | N72: EPC 수주액 | O72: 4100 | Q72: - SMR 시장이 상용화 단계에 진입하였으며, 시장 내 현대건설-Holtec의 경쟁력과 입지는 향후 5년 내 추가 수주 가능성 높을 것으로 전망
B73: 계약잔액 | E73: =O74-E72 -> 2142.25 | F73: =E73-F72 -> 1916.75 | G73: =F73-G72 -> 1240.25 | H73: =G73-H72 -> 902 | I73: =H73-I72 -> 225.5 | J73: =I73-J72 -> 0 | N73: 추정 지분율 | O73: 0.55 | Q73: 2. 총 사업비, 공사기간, 진행률 : 기 수주한 펠리세이즈 SMR-300과 동일 추정함
B74: 진행단계 | E74: 기본 설계 | F74: 상세 설계 | G74: 기자재 조달 | H74: 모듈 제작 | I74: 현장 시공 | J74: 시운전 및 초기 O&M | N74: 추정 수주액 | O74: =O72*O73 -> 2255
B76: 수주3. Holtec 向 수주 가정, SMR-300 × 1기 | N76: 내용 추정
B77: (단위: 십억 원) | C77: 2025E | D77: 2026E | E77: 2027E | F77: 2028E | G77: 2029E | H77: 2030E | I77: 2031E | J77: 2032E | K77: 2033E | L77: 2034E | N77: (단위: 십억 원)
B78: 진행률 | G78: 0.05 | H78: 0.15 | I78: 0.45 | J78: 0.6 | K78: 0.9 | L78: 1 | N78: 총 사업비 | O78: 4100
B79: 완성공사액 | G79: =O81*G78 -> 112.75 | H79: =$O$81*(H78-G78) -> 225.5 | I79: =$O$81*(I78-H78) -> 676.5 | J79: =$O$81*(J78-I78) -> 338.25 | K79: =$O$81*(K78-J78) -> 676.5 | L79: =$O$81*(L78-K78) -> 225.5 | N79: EPC 수주액 | O79: 4100
B80: 계약잔액 | G80: =O81-G79 -> 2142.25 | H80: =G80-H79 -> 1916.75 | I80: =H80-I79 -> 1240.25 | J80: =I80-J79 -> 902 | K80: =J80-K79 -> 225.5 | L80: =K80-L79 -> 0 | N80: 추정 지분율 | O80: 0.55
B81: 진행단계 | G81: 기본 설계 | H81: 상세 설계 | I81: 기자재 조달 | J81: 모듈 제작 | K81: 현장 시공 | L81: 시운전 및 초기 O&M | N81: 추정 수주액 | O81: =O79*O80 -> 2255
B84: 진행단계별 진행률(매출인식률) 추정
B87: 바라카 원전 프로젝트 연도별 진행률 | J87: 대형원전 진행률 추정
B88: 연도 | C88: 기본도급액 | D88: 완성공사액 | E88: 계약잔액 | F88: 누적 진행률 | G88: 추정단계 | J88: 단계 | L88: 누적 진행률 | N88: 진행시점
B89: 2010 | C89: 3505491 | D89: 68009 | E89: 3437481 | F89: =D89/C89 -> 0.019400706 | G89: TFS&EWA | J89: 기술타당성조사 (TFS) | L89: 0 | N89: 1년차
B90: 2011 | C90: 3548770 | D90: 249669 | E90: 3299101 | F90: =D90/C90 -> 0.070353672 | G90: 기본설계/인허가 | J90: EWA(사전업무착수계약) | L90: 0 | N90: 2년차
B91: 2012 | C91: 3335050 | D91: 537960 | E91: 2797090 | F91: =D91/C91 -> 0.16130493 | G91: EPC 계약 체결 및 상세설계 | J91: 기본설계/인허가 | L91: 0.05 | N91: 3년차
B92: 2013 | C92: 3318045 | D92: 934232 | E92: 2383814 | F92: =D92/C92 -> 0.28156098 | G92: 기자재 조달기초 토목 공사 | J92: EPC 계약 체결 및 상세설계 | L92: 0.15 | N92: 4년차
B93: 2014 | C93: 3430662 | D93: 1517618 | E93: 1913043 | F93: =D93/C93 -> 0.44236885 | G93: 기자재 조달기초 토목 공사 | J93: 시공 초기 (토목, 기초공사) | L93: 0.45 | N93: 5~6년차
B94: 2015 | C94: 3603878 | D94: 2136987 | E94: 1466891 | F94: =D94/C94 -> 0.59296874 | G94: 구조물/기계설비 | J94: 구조물/기계설비 설치 | L94: 0.75 | N94: 7~8년차
B95: 2016 | C95: 3684879 | D95: 2795203 | E95: 889676 | F95: =D95/C95 -> 0.75856032 | G95: 구조물/기계설비 | J95: 계통연결 및 시운전 | L95: 0.9 | N95: 9년차
B96: 2017 | C96: 3609674 | D96: 3257569 | E96: 352106 | F96: =D96/C96 -> 0.90245518 | G96: 계통연결 및 시운전 | J96: 상업 운전 개시 | L96: 1 | N96: 10년차
B97: 2018 | C97: 3824794 | D97: 3563850 | E97: 260944 | F97: =D97/C97 -> 0.93177567 | G97: 시운전 | J97: *기 시공한 UAE 바라카 원전의 진행률 기반 추정
B98: 2019 | C98: 3878898 | D98: 3689820 | E98: 189078 | F98: =D98/C98 -> 0.95125471 | G98: 시운전
B99: 2020 | C99: 3976244 | D99: 3842371 | E99: 133873 | F99: =D99/C99 -> 0.96633179 | G99: 시운전
B100: 2021 | C100: 3976244 | D100: 3842371 | E100: 133873 | F100: =D100/C100 -> 0.96633179 | G100: 시운전 | J100: SMR 진행단계별 매출인식비율 추정
B101: 2022 | C101: 4010027 | D101: 3958821 | E101: 51205 | F101: =D101/C101 -> 0.98723051 | G101: 시운전 | J101: 단계 | K101: 누적 진행률 | L101: 진행시점
B102: 2023 | C102: 4111180 | D102: 4087436 | E102: 23744 | F102: =D102/C102 -> 0.99422453 | G102: 시운전 | J102: 기본설계 | K102: 0.05 | L102: 1년차
B103: 2024 | C103: 4134902 | D103: 4127121 | E103: 7781 | F103: =D103/C103 -> 0.99811821 | G103: 초기 O&M | J103: 상세설계 | K103: 0.15 | L103: 2년차
B104: *바라카 원전의 경우 총 4개호기 건설하여 시운전 단계 장기간 소요 | J104: 기자재 조달 | K104: 0.45 | L104: 3년차
J105: 모듈 제작 | K105: 0.6 | L105: 4년차
J106: 현장 시공 | K106: 0.9 | L106: 5년차
J107: 시운전 | K107: 0.95 | L107: 6년차
J108: 초기 O&M | K108: 1 | L108: 6년차
J109: *Holtec의 프로젝트 진행계획 기반 추정

Sheet 토목 및 기타
B1: 토목 및 기타 매출
B5: 토목 및 기타 부문 신규수주
B6: (단위: 십억 원) | C6: 2020 | D6: 2021 | E6: 2022 | F6: 2023 | G6: 2024 | H6: 2025E | I6: 2026E | J6: 2027E | K6: 2028E | L6: 2029E | N6: 신규수주 : 두 사업부 모두 투자분석 과정에서 특이적 투자아이디어 발견할 수 없고 특별한 경향성 없어 3개년 이동평균 활용하여 보수적 추정
B7: 토목 | C7: 3930.32 | D7: 2104.8 | E7: 3849.422 | F7: 3427.864 | G7: 2962.016 | H7: =AVERAGE(E7:G7) -> 3413.1007 | I7: =AVERAGE(F7:H7) -> 3267.6602 | J7: =AVERAGE(G7:I7) -> 3214.259 | K7: =AVERAGE(H7:J7) -> 3298.34 | L7: =AVERAGE(I7:K7) -> 3260.0864
B8: 기타 | C8: 794.061 | D8: 1128.385 | E8: 1307.9721 | F8: 1280.6402 | G8: 1022.4438 | H8: =AVERAGE(E8:G8) -> 1203.6854 | I8: =AVERAGE(F8:H8) -> 1168.9231 | J8: =AVERAGE(G8:I8) -> 1131.6841 | K8: =AVERAGE(H8:J8) -> 1168.0975 | L8: =AVERAGE(I8:K8) -> 1156.2349
B10: 토목 및 기타 부문 수주잔고
B11: (단위: 십억 원) | C11: 2020 | D11: 2021 | E11: 2022 | F11: 2023 | G11: 2024 | H11: 2025E | I11: 2026E | J11: 2027E | K11: 2028E | L11: 2029E | N11: 수주잔고 = 전기 수주잔고 - 당기 매출액 + 당기 신규수주
B12: 토목 | C12: 7818.648 | D12: 8472.748 | E12: 12157.76 | F12: 13923.76 | G12: 10840 | H12: =G12+H7-H17 -> 11613.997 | I12: =H12+I7-I17 -> 12054.116 | J12: =I12+J7-J17 -> 12333.683 | K12: =J12+K7-K17 -> 12629.267 | L12: =K12+L7-L17 -> 12814.635
B13: 기타 | C13: 1951.3964 | D13: 2419.5164 | E13: 2497.968 | F13: 2593.418 | G13: 2407 | H13: =G13+H8-H18 -> 2227.3108 | I13: =H13+I8-I18 -> 2116.1322 | J13: =I13+J8-J18 -> 2031.6121 | K13: =J13+K8-K18 -> 2032.0817 | L13: =K13+L8-L18 -> 2020.4188
B15: 토목 및 기타 부문 매출액
B16: (단위: 십억 원) | C16: 2020 | D16: 2021 | E16: 2022 | F16: 2023 | G16: 2024 | H16: 2025E | I16: 2026E | J16: 2027E | K16: 2028E | L16: 2029E
B17: 토목 | C17: 2364.6 | D17: 2104.1 | E17: 2458 | F17: 2740 | G17: 2780.2 | H17: =G12*$C$26 -> 2639.1039 | I17: =H12*$C$26 -> 2827.541 | J17: =I12*$C$26 -> 2934.6923 | K17: =J12*$C$26 -> 3002.7555 | L17: =K12*$C$26 -> 3074.7184 | N17: 매출액 : 5년 평균 매출전환율 고려하여 전기 수주잔고에 적용하여 매출액 추정
B18: 기타 | C18: 1090.1 | D18: 1290.8 | E18: 1296.5 | F18: 1336.2 | G18: 1492.4 | H18: =G13*$C$34 -> 1383.3745 | I18: =H13*$C$34 -> 1280.1018 | J18: =I13*$C$34 -> 1216.2041 | K18: =J13*$C$34 -> 1167.6279 | L18: =K13*$C$34 -> 1167.8978
B21: 토목 매출전환율 추정
B22: (단위: 십억 원) | C22: 2020 | D22: 2021 | E22: 2022 | F22: 2023 | G22: 2024
B23: 수주잔고 | C23: 7818.648 | D23: 8472.748 | E23: 12157.76 | F23: 13923.76 | G23: 10840
B24: 매출액 | C24: 2364.6 | D24: 2104.1 | E24: 2458 | F24: 2740 | G24: 2780.2
B25: 매출전환율 | D25: =D24/C23 -> 0.26911302 | E25: =E24/D23 -> 0.29010659 | F25: =F24/E23 -> 0.22537046 | G25: =G24/F23 -> 0.19967308
B26: Avg 매출전환율 | C26: =GEOMEAN(D25:G25) -> 0.24345977
B27: *매출전환율(BBR) = 당기 매출액/전기 수주잔고
B29: 기타 매출전환율 추정
B30: (단위: 십억 원) | C30: 2020 | D30: 2021 | E30: 2022 | F30: 2023 | G30: 2024
B31: 수주잔고 | C31: 1951.3964 | D31: 2419.5164 | E31: 2497.968 | F31: 2593.418 | G31: 2407
B32: 매출액 | C32: 1090.1 | D32: 1290.8 | E32: 1296.5 | F32: 1336.2 | G32: 1492.4
B33: 매출전환율 | D33: =D32/C31 -> 0.66147503 | E33: =E32/D31 -> 0.53585088 | F33: =F32/E31 -> 0.53491478 | G33: =G32/F31 -> 0.57545679
B34: Avg 매출전환율 | C34: =GEOMEAN(D33:G33) -> 0.57472975
B35: *매출전환율(BBR) = 당기 매출액/전기 수주잔고

Sheet 영업비용추정
A1: ` | B1: 매출원가 및 판관비 추정 | I1: H
B5: 매출원가 추정
B8: 사업부별 매출원가 추정
B9: (단위: 십억 원) | C9: 2022 | D9: 2023 | E9: 2024 | F9: 2025E | G9: 2026E | H9: 2027E | I9: 2028E | J9: 2029E
B10: 매출원가 | C10: 19726.334 | D10: 27948.549 | E10: 32887.201 | F10: =F11+F13+F18+F20+F22 -> 29477.928 | G10: =G11+G13+G18+G20+G22 -> 29925.842 | H10: =H11+H13+H18+H20+H22 -> 30504.859 | I10: =I11+I13+I18+I20+I22 -> 31853.049 | J10: =J11+J13+J18+J20+J22 -> 34247.952 | T10: 사업부문별 원가율
B11: 건축주택 | C11: 11255.327 | D11: 18463.972 | E11: 21067.826 | F11: =F51*F12 -> 18659.519 | G11: =G51*G12 -> 19279.558 | H11: =H51*H12 -> 18859.796 | I11: =I51*I12 -> 19619.348 | J11: =J51*J12 -> 20504.053 | U11: 건축주택 | V11: 토목 | W11: 플랜트 | X11: 기타
B12: %of segment sales | C12: =C11/C51 -> 0.90034693 | D12: =D11/D51 -> 0.93726222 | E12: =E11/E51 -> 0.95766763 | F12: =E12*(1+RATE(3,0,-$E$12,$H$12)) -> 0.93632932 | G12: =F12*(1+RATE(3,0,-$E$12,$H$12)) -> 0.91546647 | H12: =1-U18 -> 0.89506846 | I12: =H12 -> 0.89506846 | J12: =H12 -> 0.89506846 | K12: [추정논리] 악성사업 준공으로 27년까지 정상원가율까지 단계적 감소 추정했으며, 정상 원가율은 보수적 추정 위해 17~24년 평균 원가율 적용함 | T12: 2024 | U12: 0.042335 | V12: 0.030575 | W12: -0.21835 | X12: 0.168216
B13: 플랜트 | C13: 5340.737 | D13: 6362.17 | E13: 8321.793 | F13: =F14+F16 -> 7639.2464 | G13: =G14+G16 -> 7393.3233 | H13: =H14+H16 -> 8349.056 | I13: =I14+I16 -> 8936.1734 | J13: =J14+J16 -> 10423.128 | T13: 2023 | U13: 0.062742966 | V13: 0.036636666 | W13: 0.031501247 | X13: 0.16220913
B14: 원전 플랜트 | F14: ='플랜트-원전'!C16 -> 138.105 | G14: ='플랜트-원전'!D16 -> 511.0225 | H14: ='플랜트-원전'!E16 -> 1763.7004 | I14: ='플랜트-원전'!F16 -> 2474.3768 | J14: ='플랜트-원전'!G16 -> 4198.3008 | T14: 2022 | U14: 0.099656744 | V14: 0.012889092 | W14: 0.014498346 | X14: 0.13492477
B15: %of segment sales | F15: =F14/F53 -> 0.93 | G15: =G14/G53 -> 0.93422761 | H15: =H14/H53 -> 0.9277409 | I15: =I14/I53 -> 0.92202264 | J15: =J14/J53 -> 0.92104154 | K15: [추정논리] '플랜트-원전' 시트 참조 | T15: 2021 | U15: 0.14215925 | V15: -0.02113102 | W15: 0.042824846 | X15: 0.14829137
B16: 비원전 플랜트 | F16: =F54 -> 7501.1414 | G16: =G54 -> 6882.3008 | H16: =H54 -> 6585.3556 | I16: =I54 -> 6461.7966 | J16: =J54 -> 6224.8272 | T16: 2020 | U16: 0.13581139 | V16: 0.0035274555 | W16: 0.0076793099 | X16: 0.14541066
B17: %of segment sales | C17: =C13/C52 -> 0.99143051 | D17: =D13/D52 -> 0.96849949 | E17: =E13/E52 -> 1.2183464 | F17: {=GEOMEAN(C17:D17+1,2-W15)-1} -> 0.972317 | G17: {=GEOMEAN(F17+1,C17:D17+1)-1} -> 0.97739027 | H17: {=GEOMEAN(F17:G17+1,D17+1)-1} -> 0.97273223 | I17: {=GEOMEAN(F17:H17+1)-1} -> 0.97414516 | J17: {=GEOMEAN(G17:I17+1)-1} -> 0.97475493 | K17: [이동평균] 최근 3년간 수익성 악화 환경 동일해, 일회적 요인 발생한 2024년 제외하여 3개년 이동평균 | T17: 2019 | U17: 0.15156016 | V17: 0.032649207 | W17: 0.052819407 | X17: 0.1049776
B18: 토목 | C18: 2383.631 | D18: 2639.577 | E18: 2695.173 | F18: =F55*F19 -> 2553.3363 | G18: =G55*G19 -> 2733.5371 | H18: =H55*H19 -> 2840.4607 | I18: =I55*I19 -> 2904.8114 | J18: =J55*J19 -> 2974.3047 | T18: 평균 | U18: {=GEOMEAN(U12:U17+1)-1} -> 0.10493154 | V18: {=GEOMEAN(V12:V17+1)-1} -> 0.015654002 | W18: {=GEOMEAN(W12:W17+1)-1} -> -0.016509496 | X18: {=GEOMEAN(X12:X17+1)-1} -> 0.14381789
B19: %of segment sales | C19: =C18/C55 -> 0.9697441 | D19: =D18/D55 -> 0.96334927 | E19: =E18/E55 -> 0.96941695 | F19: {=GEOMEAN(C19:E19+1)-1} -> 0.96750124 | G19: {=GEOMEAN(D19:F19+1)-1} -> 0.96675419 | H19: {=GEOMEAN(E19:G19+1)-1} -> 0.96789047 | I19: {=GEOMEAN(F19:H19+1)-1} -> 0.96738191 | J19: {=GEOMEAN(G19:I19+1)-1} -> 0.96734214 | K19: [이동평균] 특별한 경향성 없어 3년 이동평균
B20: 기타 | C20: 1130.976 | D20: 1119.519 | E20: 1241.457 | F20: =F21*F56 -> 1172.0702 | G20: =G21*G56 -> 1073.968 | H20: =H21*H56 -> 1020.8192 | I20: =I21*I56 -> 982.97223 | J20: =J21*J56 -> 981.10113
B21: %of segment sales | C21: =C20/C56 -> 0.87233012 | D21: =D20/D56 -> 0.8378379 | E21: =E20/E56 -> 0.83185272 | F21: {=GEOMEAN(C21:E21+1)-1} -> 0.84725447 | G21: {=GEOMEAN(D21:F21+1)-1} -> 0.83897078 | H21: {=GEOMEAN(E21:G21+1)-1} -> 0.83934856 | I21: {=GEOMEAN(F21:H21+1)-1} -> 0.84185398 | J21: {=GEOMEAN(G21:I21+1)-1} -> 0.84005733 | K21: [이동평균] 특별한 경향성 없어 3년 이동평균
B22: 내부거래 제거 | C22: -384.337 | D22: -636.689 | E22: -439.048 | F22: =(F11+F13+F18+F20)*E25 -> -546.2438 | G22: =(G11+G13+G18+G20)*$E$25 -> -554.54392 | H22: =(H11+H13+H18+H20)*$E$25 -> -565.27345 | I22: =(I11+I13+I18+I20)*$E$25 -> -590.25622 | J22: =(J11+J13+J18+J20)*$E$25 -> -634.63522
B24: 내부거래 제거 비중 | C24: =C22/(C11+C13+C18+C20) -> -0.019111098 | D24: =D22/(D11+D13+D18+D20) -> -0.02227335 | E24: =E22/(E11+E13+E18+E20) -> -0.01317424
D25: Geomean | E25: {=GEOMEAN(C24:E24+1)-1} -> -0.018193468
B27: 판매관리비 추정
B30: 판매관리비 추정 | R30: 상관계수 측정
B31: (단위: 백만 원) | C31: 2022 | D31: 2023 | E31: 2024 | F31: 2025E | G31: 2026E | H31: 2027E | I31: 2028E | J31: 2029E | R31: 판관비 세부항목
B32: 판매관리비 | C32: 937.846 | D32: 917.378 | E32: 1046.487 | F32: =(F33+F35+F37+F39+F41+F43) -> 1079.8136 | G32: =(G33+G35+G37+G39+G41+G43) -> 1070.4019 | H32: =(H33+H35+H37+H39+H41+H43) -> 1116.1486 | I32: =(I33+I35+I37+I39+I41+I43) -> 1153.7349 | J32: =(J33+J35+J37+J39+J41+J43) -> 1194.2343 | R32: 인건비 | S32: =CORREL($C$50:$E$50,C33:E33) -> 0.95534305
B33: 인건비 | C33: 538.377 | D33: 583.153 | E33: 633.54 | F33: =E33*1.0287 -> 651.7226 | G33: =F33*1.0287 -> 670.42704 | H33: =G33*1.0287 -> 689.66829 | I33: =H33*1.0287 -> 709.46177 | J33: =I33*1.0287 -> 729.82333 | K33: [CAGR] 고용노동부 300인 이상 건설업 임금 평균 상승률 2.87% 적용 | R33: 감가상각비 | S33: =CORREL(C35:E35,C50:E50) -> 0.81775601
B34: %of sales | C34: =C33/C$50 -> 0.02534839 | D34: =D33/$D$50 -> 0.019666963 | E34: =E33/$E$50 -> 0.019391925 | F34: =F33/F$50 -> 0.021006002 | G34: =G33/G$50 -> 0.020948432 | H34: =H33/H$50 -> 0.020847613 | I34: =I33/I50 -> 0.020537272 | J34: =J33/J50 -> 0.019645036 | R34: 연구개발비 | S34: =CORREL($C$50:$E$50,C37:E37) -> -0.78246256
B35: 감가상각비 | C35: 38.666 | D35: 42.762 | E35: 60.631 | F35: =E35*1.042 -> 63.177502 | G35: =F35*1.042 -> 65.830957 | H35: =G35*1.042 -> 68.595857 | I35: =H35*1.042 -> 71.476883 | J35: =I35*1.042 -> 74.478912 | K35: [추정논리] 유형자산 증가율 4.2% 반영하여 감가상각비 상승 가정('Expected BS'시트 참조) | R35: 지급수수료 | S35: =CORREL($C$50:$E$50,C39:E39) -> 0.39272761
B36: %of sales | C36: =C35/C$50 -> 0.0018205103 | D36: =D35/$D$50 -> 0.0014421579 | E36: =E35/$E$50 -> 0.0018558446 | F36: =AVERAGE(C36:E36) -> 0.0017061709 | G36: =F36 -> 0.0017061709 | H36: =G36 -> 0.0017061709 | I36: =H36 -> 0.0017061709 | J36: =I36 -> 0.0017061709 | R36: 대손상각비 | S36: =CORREL($C$50:$E$50,C41:E41) -> -0.57428852
B37: 연구개발비 | C37: 178.612 | D37: 138.787 | E37: 154.923 | F37: =F50*F38 -> 177.30991 | G37: =G50*G38 -> 160.8027 | H37: =H50*H38 -> 170.19253 | I37: =I50*I38 -> 182.61681 | J37: =J50*J38 -> 191.35202 | K37: [추정논리] 매출액 대비 연구개발비 평균 비중에 당기 추정매출액 적용하여 추정 | R37: 기타비용 | S37: =CORREL($C$43:$E$43,C50:E50) -> 0.99172541
B38: %of sales | C38: =C37/C$50 -> 0.0084095842 | D38: =D37/$D$50 -> 0.0046806222 | E38: =E37/$E$50 -> 0.0047420134 | F38: =GEOMEAN(C38:E38) -> 0.0057149657 | G38: =GEOMEAN(D38:F38) -> 0.0050245055 | H38: =GEOMEAN(E38:G38) -> 0.0051446588 | I38: =GEOMEAN(F38:H38) -> 0.0052863329 | J38: =GEOMEAN(G38:I38) -> 0.0051507223
B39: 지급수수료 | C39: 57.694 | D39: 50.619 | E39: 69.602 | F39: =$E$60*F49 -> 69.488549 | G39: =$E$60*G49 -> 57.353533 | H39: =$E$60*H49 -> 67.060694 | I39: =$E$60*I49 -> 71.93477 | J39: =$E$60*J49 -> 80.292156 | K39: [추정논리] 신규수주 시점에서 발생, 최근 3개년 평균 신규수주액 대비 지급수수료율 0.18% 적용하여 추정
B40: %of sales | C40: =C39/C$50 -> 0.0027164051 | D40: =D39/$D$50 -> 0.0017071369 | E40: =E39/$E$50 -> 0.0021304365 | F40: =F39/F$49 -> 0.0018386076 | G40: =G39/G$50 -> 0.0017920915 | H40: =H39/H$50 -> 0.0020271418 | I40: =I39/I$50 -> 0.0020823446 | J40: =J39/J$50 -> 0.0021612659
B41: 대손상각비 | C41: 22.687 | D41: -8.434 | E41: 11.97 | F41: =AVERAGE(C41:E41) -> 8.741 | G41: =AVERAGE(D41:F41) -> 4.0923333 | H41: =AVERAGE(E41:G41) -> 8.2677778 | I41: =AVERAGE(F41:H41) -> 7.0337037 | J41: =AVERAGE(G41:I41) -> 6.4646049 | K41: [이동평균] 완공 사업장으로부터 자금회수 지연, 미분양 물량에 대한 할인 매각 등으로 매출채권 미회수시 인식하는 항목으로, 합리적 추정할 수 없어 3개년 이동평균
B42: %of sales | C42: =C41/C$50 -> 0.0010681714 | D42: =D41/$D$50 -> -0.00028443851 | E42: =E41/$E$50 -> 0.00036638782 | F42: =F41/F$50 -> 0.00028173561 | G42: =G41/G$50 -> 0.00012787069 | H42: =H41/H$50 -> 0.00024992223 | I42: =I41/I50 -> 0.0002036094 | J42: =J41/J50 -> 0.00017401115
B43: 기타비용 | C43: =(C32-(C33+C35+C37+C39+C41)) -> 101.81 | D43: =(D32-(D33+D35+D37+D39+D41)) -> 110.491 | E43: =(E32-(E33+E35+E37+E39+E41)) -> 115.821 | F43: =AVERAGE(C43:E43) -> 109.374 | G43: =AVERAGE(D43:F43) -> 111.89533 | H43: =AVERAGE(E43:G43) -> 112.36344 | I43: =AVERAGE(F43:H43) -> 111.21093 | J43: =AVERAGE(G43:I43) -> 111.82323 | K43: [이동평균] 합리적 추정할 수 없어 3개년 이동평균
B44: %of sales | C44: =C43/C$50 -> 0.0047935176 | D44: =D43/$D$50 -> 0.0037263333 | E44: =E43/$E$50 -> 0.0035451465 | F44: =F43/F50 -> 0.0035252889 | G44: =G43/G50 -> 0.0034963264 | H44: =H43/H50 -> 0.0033965744 | I44: =I43/I50 -> 0.0032192982 | J44: =J43/J50 -> 0.0030100045
B47: 전체 매출
B48: (단위: 백만 원) | C48: 2022 | D48: 2023 | E48: 2024 | F48: 2025E | G48: 2026E | H48: 2027E | I48: 2028E | J48: 2029E
B49: 전체 신규수주(연간) | C49: 34376.181 | D49: 29651.4 | E49: 32670.3 | F49: 37794.116 | G49: 31194.005 | H49: 36473.631 | I49: 39124.591 | J49: 43670.089
B50: 전체 매출(연간) | C50: 21239.1 | D50: 29651.4 | E50: 32670.3 | F50: =F51+F52+F55+F56+F57 -> 31025.542 | G50: =G51+G52+G55+G56+G57 -> 32003.686 | H50: =H51+H52+H55+H56+H57 -> 33081.403 | I50: =I51+I52+I55+I56+I57 -> 34545.084 | J50: =J51+J52+J55+J56+J57 -> 37150.521
B51: 건축주택 | C51: 12501.1 | D51: 19699.9 | E51: 21999.1 | F51: =건축주택!H21 -> 19928.372 | G51: =건축주택!I21 -> 21059.819 | H51: =건축주택!J21 -> 21070.786 | I51: =건축주택!K21 -> 21919.382 | J51: =건축주택!L21 -> 22907.805
B52: 플랜트 | C52: 5386.9 | D52: 6569.1 | E52: 6830.4 | F52: =플랜트!H21 -> 7649.6414 | G52: =플랜트!I21 -> 7429.3008 | H52: =플랜트!J21 -> 8473.0161 | I52: =플랜트!K21 -> 9102.8225 | J52: =플랜트!L21 -> 10711.219
B53: 원전 플랜트 | C53: 82.7 | D53: 27.5 | E53: 16 | F53: 148.5 | G53: 547 | H53: 1901.07 | I53: 2683.64 | J53: 4558.21
B54: 비원전 플랜트 | C54: 5304.267 | D54: 6541.644 | E54: 6814.398 | F54: 7501.1414 | G54: 6882.3008 | H54: 6585.3556 | I54: 6461.7966 | J54: 6224.8272
B55: 토목 | C55: 2458 | D55: 2740 | E55: 2780.2 | F55: ='토목 및 기타'!H17 -> 2639.1039 | G55: ='토목 및 기타'!I17 -> 2827.541 | H55: ='토목 및 기타'!J17 -> 2934.6923 | I55: ='토목 및 기타'!K17 -> 3002.7555 | J55: ='토목 및 기타'!L17 -> 3074.7184
B56: 기타 | C56: 1296.5 | D56: 1336.2 | E56: 1492.4 | F56: ='토목 및 기타'!H18 -> 1383.3745 | G56: ='토목 및 기타'!I18 -> 1280.1018 | H56: ='토목 및 기타'!J18 -> 1216.2041 | I56: ='토목 및 기타'!K18 -> 1167.6279 | J56: ='토목 및 기타'!L18 -> 1167.8978
B57: 내부거래 제거 | C57: -403.5 | D57: -693.9 | E57: -431.9 | F57: -574.94947 | G57: -593.07594 | H57: -613.29613 | I57: -647.50419 | J57: -711.11802
B59: 지급수수료/신규수주 | C59: =C39/C49 -> 0.0016783132 | D59: =D39/D49 -> 0.0017071369 | E59: =E39/E49 -> 0.0021304365
D60: Geomean | E60: {=GEOMEAN(C59:E59+1)-1} -> 0.0018386076

Sheet RAW ▶
A1: 현대건설(000720.KS)-EV/Backlog
A8: RAW DATA
C17: RFS 정식 회원 외 본 가치평가 모델의 무단 사용 및 수정을 금하며, 본 양식의 원 저작권은 중앙대학교 R.F.S. 학회에 있음을 밝힙니다.
C18: 원 제작자: 28기 김 건 (zzkan103@gmail.com)
C19: 1st Version: 2021.03.02

Sheet Multiple History
C3: 분기별 EV/Backlog 추정
C4: (단위:십억 원) | D4: EV | E4: 수주잔고 | F4: EV/Backlog
C5: 1Q06 | D5: 5419.731 | E5: 24535.3 | F5: =D5/E5 -> 0.22089524
C6: 2Q06 | D6: 4761.764 | E6: 26243.3 | F6: =D6/E6 -> 0.18144685
C7: 3Q06 | D7: 5571.668 | E7: 29066.5 | F7: =D7/E7 -> 0.19168692
C8: 4Q06 | D8: 6308.66 | E8: 29226.5 | F8: =D8/E8 -> 0.21585411
C9: 1Q07 | D9: 5611.952 | E9: 30327 | F9: =D9/E9 -> 0.18504804
C10: 2Q07 | D10: 7483.519 | E10: 32368.9 | F10: =D10/E10 -> 0.23119473
C11: 3Q07 | D11: 9691.251 | E11: 34807.1 | F11: =D11/E11 -> 0.27842742
C12: 4Q07 | D12: 9783.667 | E12: 32392.3 | F12: =D12/E12 -> 0.30203681
C13: 1Q08 | D13: 9541.113 | E13: 34607.1 | F13: =D13/E13 -> 0.27569814
C14: 2Q08 | D14: 7716.712 | E14: 38454.7 | F14: =D14/E14 -> 0.20067019
C15: 3Q08 | D15: 7761.109 | E15: 39169.7 | F15: =D15/E15 -> 0.19814063
C16: 4Q08 | D16: 6340.597 | E16: 41774.4 | F16: =D16/E16 -> 0.15178188
... C80: 4Q24 | D80: 2874.21 | E80: 89931.6 | F80: =D80/E80 -> 0.031959956

Sheet 도시정비_RAW
C3: 도시정비 사업 수주내용
C4: (단위: 십억 원) | D4: 기업 | E4: 사업명 | F4: 시행사 | G4: 수주선정일 | H4: 선정시 수주금액
C5: 2019 | D5: 현대건설 | E5: 등촌동1구역 주택재건축 | G5: 43554 | H5: 124.2
E6: 인천 화수화평 재개발 | G6: 43646 | H6: 554.1
E7: 김포 북변5 도시환경정비 | G7: 43738 | H7: 238.7
E8: 청주 사직3구역 재개발 | G8: 43771 | H8: 267.8
E9: 대구 신암9구역 재개발 | G9: 43808 | H9: 277.2
E10: 부산 감천2구역 재개발 | G10: 43821 | H10: 492.3
D11: 합계 | H11: =(SUM(H5:H10)) -> 1954.3
C12: 2020 | D12: 현대건설 | E12: 서울 신용산북측2구역 도시환경정비사업 | F12: 서울 용산구 신용산역 북측 제 2구역 도시환경정비사업조합 | G12: 43913 | H12: 303.7
E13: 대전 대흥동 1구역 재개발사업 | F13: 대흥동 1구역 재개발정비사업조합 | G13: 43858 | H13: 85.3
E14: 서울 장위11-2 가로주택정비사업 | F14: 장위 11-2구역 가로주택정비사업조합 | G14: 43945 | H14: 40.2
E15: 원주 원동나래구역 재개발사업 | F15: 원동나래구역 주택재개발정비사업조합 | G15: 43946 | H15: 208
E16: 서울 제기제4구역 재개발사업 | F16: 제기4구역 재개발 조합 | G16: 43974 | H16: 159
E17: 대구 도원아파트 가로주택정비사업 | F17: 도원아파트 가로주택정비사업위원회 | G17: 43983 | H17: 82.4
E18: 부산 반여3-1구역 재건축사업 | F18: 반여 3-1구역 재건축정비사업조합 | G18: 43981 | H18: 244.1
E19: 서울 한남3구역 재개발사업 | F19: 한남3구역 재개발 조합 | G19: 44003 | H19: 1737.8
E20: 서울 홍제3구역 재건축사업 | F20: 홍제3구역 주택 재건축 조합 | G20: 44009 | H20: 168.7
E21: 대전 대동4·8구역 재개발사업 | F21: 대동 48구역 재개발 조합 | G21: 44030 | H21: 266.7
E22: 제주 이도주공 2,3단지 재건축사업 | F22: 2,3단지 주택재건축정비사업조합 | G22: 44058 | H22: 293
E23: 서울 노량진4구역 재개발사업 | F23: 노량진4구역조합 | G23: 44060 | H23: 198.8
E24: 진주 이현1-5구역(이현주공) | F24: 이현 1-5구역 재건축 조합 | G24: 44093 | H24: 100.4
E25: 대구 명륜지구 재개발사업 | F25: 명륜지구 재개발조합 | G25: 44124 | H25: 322.7
D26: 소계 | H26: =(SUM(H12:H25)) -> 4210.8
D27: 현대엔지니어링 | E27: 울산 중구 B-05구역 주택재개발정비사업 | F27: 중구 B-05 주택재개발조합 | G27: 43848 | H27: 160.1
E28: 인천 송림 1,2구역 주택재개발정비사업 | F28: 송림 1,2동 재개발조합 | G28: 43960 | H28: 674.2
E29: 수원 권선 1구역 재건축정비사업 | F29: 권선1구역재건축정비사업조합 | G29: 44016 | H29: 87.9
E30: 청주 사직 1구역 재개발사업 | F30: 청주시 사직1구역 주택재개발정비사업조합 | G30: 43904 | H30: 168
D31: 소계 | H31: =(SUM(H27:H30)) -> 1090.2
D32: 합계 | H32: =(SUM(H26, H31)) -> 5301
C33: 2021 | D33: 현대건설 | E33: 용인 수지 신정마을9단지 리모델링 | F33: 용인 수지 신정마을9단지 리모델링 정비사업조합 | G33: 1월 9일 | H33: 227.958
E34: 대전 도마·변동1구역 재개발 | G34: 3월 | H34: 190.592
E35: 대구 신암10재정비촉진구역 재건축 | G35: 4월 | H35: 181.264
E36: 용산 한남시범아파트 소규모재건축 | G36: 5월 | H36: 73.109
E37: 의정부 금오생활권 1구역 재개발 | G37: 5월 | H37: 144.04
E38: 전주 하가구역 재개발 | G38: 5월 22일 | H38: 424.598
E39: 부산 범천4구역 재개발 | G39: 8월 | H39: 620.15
E40: 성동 금호벽산아파트 리모델링 | G40: 8월 | H40: 425.396
E41: 창원 회원2구역 재개발 | G41: 9월 | H41: 221.94
E42: 성북 장위11-1구역 가로주택 | G42: 10월 | H42: 39.847
E43: 송파 마천4재정비촉진구역 재개발 | G43: 10월9일 | H43: 383.409
E44: 아산 용화주공1단지 재건축 | G44: 10월 | H44: 152.497
E45: 대구 동구43구역 재개발 | G45: 11월 | H45: 265.638
E46: 서초 반포MV아파트 리모델링 | G46: 11월 | H46: 80.561
E47: 서초 잠원동아아파트 리모델링 | F47: 잠원 동아아파트 리모델링 주택조합 | G47: 12월 9일 | H47: 481.795
E48: 대치 선경3차아파트 가로주택 | G48: 12월 | H48: 75.293
E49: 산본 개나리13단지 리모델링 | G49: 12월 | H49: 219.825
E50: 안산 고잔연립3구역 재건축 | G50: 12월 | H50: 261.577
E51: 수원 신명동보아파트 리모델링 | G51: 12월 | H51: 305.267
E52: 대치 비취타운 가로주택 | F52: 대치 비취타운 가로주택정비사업조합 | G52: 12월 31일 | H52: 90.76
E53: 잠원 갤럭시 리모델링 | F53: 잠원 롯데캐슬갤럭시1차 리모델링정비사업조합 | G53: 12월 31일 | H53: 185.035
D54: 소계 | H54: =(SUM(H33:H53)) -> 5050.551
D55: 현대엔지니어링 | E55: 의정부 장암5구역 재개발 | G55: 1월 | H55: 112
E56: 광명 철산한신아파트 리모델링 | G56: 3월 | H56: 227.5
E57: 가락쌍용1차아파트 리모델링 | G57: 5월 | H57: 200.5
E58: 수원영통 신성신안쌍용진흥아파트 리모델링 | G58: 6월 | H58: 176.7
E59: 안산팔곡일동1구역 재건축 | G59: 8월 | H59: 141.8
E60: 부산 좌천·범일 통합2지구 도시환경정비사업 | G60: 9월 | H60: 718.3
E61: 창원 회원2구역 주택재개발 정비사업 | G61: 9월 | H61: 493.2
E62: 남양주 덕소5A구역 도시환경정비사업 | H62: 282.1
D63: 소계 | H63: =(SUM(H55:H62)) -> 2352.1
D64: 합계 | H64: =(SUM(H54, H63)) -> 7402.651
C65: 2022 | D65: 현대건설 | E65: 대구 봉덕1동 우리재개발 | G65: 44590 | H65: 302.4
E66: 이촌 강촌 리모델링 | G66: 44617 | H66: 474.3
E67: 대전 장대B구역 | G67: 44618 | H67: 887.2
E68: 강동 선사현대 리모델링 | G68: 44674 | H68: 545.6
E69: 경기 과천주공8,9단지 | G69: 44682 | H69: 983
E70: 전남 광천동 재개발 | G70: 44697 | H70: 1766
E71: 도마변동 5구역 | G71: 44715 | H71: 318.4
E72: 이문4구역 재개발 | G72: 44726 | H72: 318.8
E73: 부산 우동3구역 재개발 | G73: 44830 | H73: 1276.5
E74: 부산 서금사6구역 재개발 | G74: 44738 | H74: 839.8
E75: 산본 무궁화주공 1단지 리모델링 | G75: 44741 | H75: 415.8
E76: 성남 수진1구역 | G76: 44865 | H76: 467.6
E77: 방배삼호 12,13동 | G77: 44774 | H77: 121.1
E78: 창원 성원토월그랜드타운 | G78: 44851 | H78: 517.7
D79: 소계 | H79: =(SUM(H65:H78)) -> 9234.2
D80: 현대엔지니어링 | E80: 오류동 현대연립 재건축 | G80: 44633 | H80: 146.9
E81: 양산 복지아파트 재건축 | G81: 44739 | H81: 107.4
E82: 도마변동 4구역 재개발 | G82: 44724 | H82: =(((9212-5527)*10)*100)/10000 -> 368.5
E83: 용두 1구역(6지구) 재개발 | G83: 44802 | H83: 330.7
E84: 용인 수지 삼성1차 리모델링 | G84: 44828 | H84: 302.7
E85: 이촌 한가람아파트 리모델링 | G85: 44859 | H85: 396.5
E86: 창원 성원도월그랜드타운 | G86: 44851 | H86: 517.7
D87: 소계 | H87: =(SUM(H80:H86)) -> 2170.4
D88: 합계 | H88: =(SUM(H79, H87)) -> 11404.6
C89: 2023 | D89: 현대건설 | E89: 일산 강선마을14단지 리모델링 | G89: 44934 | H89: 342.3
E90: 부산 괴정7구역 재개발 | G90: 44942 | H90: 243.4
E91: 구미 형곡4구공 재건축 | G91: 44982 | H91: 223.7
E92: 울산중구B-04 재개발 | G92: 45048 | H92: 771
E93: 청주 사모2구역 재개발 | G93: 45220 | H93: 1120
E94: 제물포역 도심 공공주택복합사업 | G94: 45237 | H94: 555.5
E95: 군포 산본1동1지구 재개발 | G95: 45259 | H95: 633.7
E96: 응봉1 주택재건축 | G96: 45271 | H96: 260
E97: 한가람세경 리모델링 | G97: 45271 | H97: 479.7
E98: 부산 초량2구역 재개발 | G98: 45285 | H98: 700
E99: 평촌 공작부영아파트 리모델링 | G99: 45291 | H99: 290.8
D100: 소계 | H100: =(SUM(H89:H99)) -> 5620.1
D101: 현대엔지니어링 | E101: 부산 부민2구역 | G101: 45130 | H101: 356.2
E102: 평촌 초원2단지 대림 리모델링 | G102: 45060 | H102: 468.7
...

Sheet IS(Y)
A3: Financial Statements
A4: Company | B4: A000720(현대건설) - Fiscal Month:12, 201103부터 IFRS 적용
A5: Type | B5: 연결 | C5: Accounting Std. | D5: IFRS
A6: Report | B6: 손익계산서 | C6: New
A7: Form | B7: 약식(COMPARE) | J7: S-C CORR | K7: =CORREL(D12:R12,D13:R13) -> 0.99694514 | M7: Avg원가율 | N7: =GEOMEAN(D9:R9) -> 0.91481969
A8: Output | B8: 결산 | C8: 백만원 | P8: 마진 악화 | Q8: 마진 악화 | R8: ㅈㄴ 악화
A9: Fiscal Year | B9: 2010 | C9: Current | D9: =D13/D12 -> 0.88338076 | E9: =E13/E12 -> 0.90198871 | F9: =F13/F12 -> 0.90627476 | G9: =G13/G12 -> 0.91916881 | H9: =H13/H12 -> 0.91829505 | I9: =I13/I12 -> 0.91030906 | J9: =J13/J12 -> 0.89749065 | K9: =K13/K12 -> 0.89465538 | ... R9: =R13/R12 -> 1.0066401
A10: 계정코드 | B10: 계정명 | C10: 단위 | D10: 201012 | E10: 201112 | F10: 201212 | G10: 201312 | H10: 201412 | I10: 201512 | J10: 201612 | K10: 201712 | L10: 201812 | M10: 201912 | N10: 202012 | O10: 202112 | P10: 202212 | Q10: 202312 | R10: 202412
D11: IFRS(연결) | E11: IFRS(연결) | F11: IFRS(연결) | G11: IFRS(연결) | H11: IFRS(연결) | I11: IFRS(연결) | J11: IFRS(연결) | K11: IFRS(연결) | L11: IFRS(연결) | M11: IFRS(연결) | N11: IFRS(연결) | O11: IFRS(연결) | P11: IFRS(연결) | Q11: IFRS(연결) | R11: IFRS(연결)
A12: 4001210000 | B12: 매출액(수익)(*) | C12: 백만원 | D12: 11377880 | E12: 11920167 | F12: 13324821 | G12: 13852042 | H12: 17276480 | I12: 19233180 | J12: 18825015 | K12: 16887090 | L12: 16730894 | M12: 17278792 | N12: 16970859 | O12: 18065534 | P12: 21239082 | Q12: 29651357 | R12: 32670268
A13: 4001210320 | B13: 매출원가(*) | C13: 백만원 | D13: 10051000 | E13: 10751856 | F13: 12075949 | G13: 12732365 | H13: 15864906 | I13: 17508138 | J13: 16895275 | K13: 15108126 | L13: 15069747 | M13: 15552887 | N13: 15573996 | O13: 16268298 | P13: 19726334 | Q13: 27948549 | R13: 32887201
A14: 4001210780 | B14: 매출총이익(손실) | C14: 백만원 | D14: 1326879.7 | E14: 1168311 | F14: 1248872 | G14: 1119677 | H14: 1411574 | I14: 1725042 | J14: 1929740 | K14: 1778964 | L14: 1661147 | M14: 1725905 | N14: 1396863 | O14: 1797236 | P14: 1512748 | Q14: 1702808 | R14: -216933
A15: 4001290000 | B15: 판매비와관리비(*) | C15: 백만원 | D15: 538305.61 | E15: 432715 | F15: 488464 | G15: 415580 | H15: 582379 | I15: 635714 | J15: 770781 | K15: 792859 | L15: 821158 | M15: 866238 | N15: 847891 | O15: 1043732 | P15: 937846 | Q15: 917378 | R15: 1046487
A16: 4001290010 | B16: 인건비(*) | C16: 백만원 | D16: 216829 | E16: 248371 | F16: 265646 | G16: 256381 | H16: 310644 | I16: 330179 | J16: 419216 | K16: 431846 | L16: 475484 | M16: 466614 | N16: 498260 | O16: 513969 | P16: 538377 | Q16: 583153 | R16: 633540
A17: 4001290020 | B17: 유무형자산상각비(*) | C17: 백만원 | D17: 6907 | E17: 7541 | F17: 9258 | G17: 10231 | H17: 47742 | I17: 79674 | J17: 62803 | K17: 67966 | L17: 11694 | M17: 33969 | N17: 32989 | O17: 40975 | P17: 38666 | Q17: 42762 | R17: 60631
A18: 4001211300 | B18: 연구개발비 | C18: 백만원 | D18: 211092 | E18: 93468 | F18: 73874 | G18: 62059 | H18: 60383 | I18: 63472 | J18: 87620 | K18: 85934 | L18: 109949 | M18: 151432 | N18: 177527 | O18: 190025 | P18: 178612 | Q18: 138787 | R18: 154923
A19: 4001211060 | B19: 광고선전비 | C19: 백만원 | D19: 14344 | E19: 11400 | F19: 11506 | G19: 10024 | H19: 13801 | I19: 14455 | J19: 14813 | K19: 10592
A20: 4001290040 | B20: 판매비(*) | C20: 백만원 | D20: 16708 | E20: 580 | F20: 58130 | G20: 531 | H20: 36374 | I20: 41564 | J20: 66451 | K20: 64290 | L20: 18402 | M20: 63374 | N20: 8230 | O20: 166705 | P20: 22687 | Q20: -8434 | R20: 11970
A21: 4001290090 | B21: 관리비(*) | C21: 백만원 | D21: 55859 | E21: 51573 | F21: 37368 | G21: 46034 | H21: 71493 | I21: 64204 | J21: 70449 | K21: 82151 | L21: 95626 | M21: 90192 | N21: 79339 | O21: 73888 | P21: 96318 | Q21: 93574 | R21: 104775
A22: 4001211420 | B22: 기타 | C22: 백만원 | D22: 16566.606 | E22: 19782 | F22: 32682 | G22: 30320 | H22: 41942 | I22: 42166 | J22: 49429 | K22: 50080 | L22: 110003 | M22: 60657 | N22: 51546 | O22: 58170 | P22: 63186 | Q22: 67536 | R22: 80648
A23: 4001211430 | B23: 영업이익(손실) | C23: 백만원 | D23: 788574.1 | E23: 735596 | F23: 760408 | G23: 704097 | H23: 829195 | I23: 1089328 | J23: 1158959 | K23: 986105 | L23: 839989 | M23: 859667 | N23: 548972 | O23: 753504 | P23: 574902 | Q23: 785430 | R23: -1263420
A24: 4001290120 | B24: 금융수익(*) | C24: 백만원 | D24: 229012.99 | E24: 250195 | F24: 171916 | G24: 154999 | H24: 149038 | I24: 205836 | J24: 170649 | K24: 154925 | L24: 283085 | M24: 151832 | N24: 196214 | O24: 224858 | P24: 401429 | Q24: 294585 | R24: 359853
A25: 4001290750 | B25: 이자수익 | C25: 백만원 | D25: 54849 | E25: 62748 | F25: 75642 | G25: 67481 | H25: 67860 | I25: 70868 | J25: 78772 | K25: 92900 | L25: 110298 | M25: 108610 | N25: 97095 | O25: 100219 | P25: 162194 | Q25: 179519 | R25: 216805
A26: 4001290760 | B26: 배당금수익 | C26: 백만원 | D26: 7897 | E26: 9792 | F26: 5452 | G26: 2369 | H26: 5675 | I26: 2805 | J26: 1376 | K26: 8027 | L26: 2362 | M26: 2376 | N26: 1480 | O26: 2420 | P26: 6187 | Q26: 20599 | R26: 1730
A27: 4001211480 | B27: 외환이익(*) | C27: 백만원 | D27: 118621.99 | E27: 77315 | F27: 58525 | G27: 46219 | H27: 60450 | I27: 73159 | J27: 90326 | K27: 37514 | L27: 70047 | M27: 35010 | N27: 84261 | O27: 107556 | P27: 119481 | Q27: 87509 | R27: 99346
A28: 4001290130 | B28: 금융자산처분이익(*) | C28: 백만원 | D28: 2957 | E28: 67381 | F28: 27258 | G28: 2748 | H28: 1906 | I28: 35939 | J28: 71 | K28: 861 | M28: 1143 | N28: 9810 | O28: 863 | P28: 6513 | Q28: 185 | R28: 32532
A29: 4001290150 | B29: 금융자산평가이익(*) | C29: 백만원 | L29: 98824 | M29: 2164 | N29: 3568 | O29: 7010 | P29: 6761 | Q29: 6373 | R29: 9293
A30: 4001211680 | B30: 파생상품이익(*) | C30: 백만원 | D30: 44086 | E30: 2452 | F30: 5039 | G30: 1084 | H30: 11 | I30: 46 | J30: 104 | K30: 146 | L30: 875 | O30: 6790 | P30: 100293 | Q30: 400 | R30: 147
A31: 4001290170 | B31: 기타금융수익(*) | C31: 백만원 | E31: 30506 | G31: 35098 | H31: 13136 | I31: 23019 | K31: 15477 | L31: 679 | M31: 2529
A32: 4001290180 | B32: 금융원가(*) | C32: 백만원 | D32: 199423.4 | E32: 136906 | F32: 141227 | G32: 146964 | H32: 174483 | I32: 251284 | J32: 200498 | K32: 300027 | L32: 172583 | M32: 148370 | N32: 204790 | O32: 125910 | P32: 176777 | Q32: 141179 | R32: 171771
A33: 4001290770 | B33: 이자비용 | C33: 백만원 | D33: 41699 | E33: 42676 | F33: 61046 | G33: 70007 | H33: 105527 | I33: 103081 | J33: 87061 | K33: 76816 | L33: 91114 | M33: 84754 | N33: 78126 | O33: 58036 | P33: 43727 | Q33: 64062 | R33: 100546
A34: 4001211820 | B34: 외환손실(*) | C34: 백만원 | D34: 133491.4 | E34: 72755 | F34: 69295 | G34: 53679 | H34: 58545 | I34: 62143 | J34: 52305 | K34: 195665 | L34: 41212 | M34: 29187 | N34: 114911 | O34: 47892 | P34: 107154 | Q34: 65044 | R34: 27172
A35: 4001290190 | B35: 금융자산처분손실(*) | C35: 백만원 | D35: 20 | E35: 294 | F35: 49 | G35: 13 | H35: 1597 | I35: 45 | J35: 1108 | K35: 2332 | L35: 28 | M35: 81 | N35: 15 | O35: 4 | P35: 10 | Q35: 820 | R35: 8994
A36: 4001290210 | B36: 금융자산평가손실(*) | C36: 백만원 | L36: 18599 | M36: 34003 | N36: 11738 | O36: 17217 | P36: 15236 | Q36: 10011 | R36: 12483
A37: 4001212060 | B37: 금융자산손상차손(*) | C37: 백만원 | D37: 17774 | E37: 16464 | F37: 4668 | G37: 22289 | H37: 8275 | I37: 85609 | J37: 59691 | K37: 22200 | L37: 9823
A38: 4001212020 | B38: 파생상품손실(*) | C38: 백만원 | D38: 6439 | E38: 4018 | F38: 858 | G38: 293 | H38: 271 | I38: 207 | J38: 19 | K38: 122 | L38: 75 | M38: 9 | O38: 2761 | P38: 10650 | Q38: 1242 | R38: 22576
A39: 4001290230 | B39: 기타금융원가(*) | C39: 백만원 | E39: 699 | F39: 5311 | G39: 683 | H39: 268 | I39: 199 | J39: 314 | K39: 2892 | L39: 11732 | M39: 336
A40: 4001290240 | B40: 기타수익(*) | C40: 백만원 | D40: 156709.4 | E40: 202479 | F40: 153509 | G40: 166495 | H40: 225902 | I40: 251542 | J40: 317256 | K40: 360978 | L40: 257050 | M40: 228191 | N40: 382338 | O40: 349170 | P40: 435786 | Q40: 504788 | R40: 839957
A41: 4001290250 | B41: 외환이익(*) | C41: 백만원 | D41: 79283 | E41: 90597 | F41: 52778 | G41: 92729 | H41: 111940 | I41: 206078 | J41: 234365 | K41: 258952 | L41: 152061 | M41: 150609 | N41: 242455 | O41: 246768 | P41: 290449 | Q41: 252085 | R41: 421639 | T41: 246768 | U41: 290449 | V41: 252085 | W41: 421639
A42: 4001290260 | B42: 자산처분(폐기)이익(*) | C42: 백만원 | D42: 4965 | E42: 2292 | F42: 3411 | G42: 27680 | H42: 22453 | I42: 5243 | J42: 1506 | K42: 6530 | L42: 9859 | M42: 3635 | N42: 7767 | O42: 12475 | P42: 7972 | Q42: 12426 | R42: 5521 | T42: 114783 | U42: 241042 | V42: 256016 | W42: 354760
A43: 4001290280 | B43: 자산손상차손환입(*) | C43: 백만원 | Q43: 39 | R43: 13 | T43: =T41-T42 -> 131985 | U43: =U41-U42 -> 49407 | V43: =V41-V42 -> -3931 | W43: =W41-W42 -> 66879
A44: 4001280260 | B44: 수수료수익 | C44: 백만원 | P44: 44710 | Q44: 45946 | R44: 73217
A45: 4001280270 | B45: 대손충당금환입 | C45: 백만원 | D45: 22448 | E45: 42477 | F45: 62127 | G45: 3199 | H45: 5724 | I45: 3621 | J45: 44432 | K45: 24468 | L45: 22857 | M45: 5825 | N45: 18205 | O45: 8766 | P45: 17304 | Q45: 56134 | R45: 9179
A46: 4001290310 | B46: 기타(*) | C46: 백만원 | D46: 50013.404 | E46: 67113 | F46: 35193 | G46: 42887 | H46: 85785 | I46: 36600 | J46: 36953 | K46: 71028 | L46: 72273 | M46: 68122 | N46: 113911 | O46: 81161 | P46: 75351 | Q46: 138158 | R46: 330388
A47: 4001290320 | B47: 기타비용(*) | C47: 백만원 | D47: 222639.77 | E47: 184068 | F47: 196431 | G47: 192811 | H47: 342914 | I47: 397887 | J47: 458968 | K47: 632242 | L47: 293236 | M47: 284670 | N47: 523906 | O47: 336963 | P47: 468852 | Q47: 498799 | R47: 755911
A48: 4001290330 | B48: 외환손실(*) | C48: 백만원 | D48: 88929 | E48: 89398 | F48: 56183 | G48: 87473 | H48: 145107 | I48: 196608 | J48: 195008 | K48: 301490 | L48: 96120 | M48: 108793 | N48: 206995 | O48: 114783 | P48: 241042 | Q48: 256016 | R48: 354760
A49: 4001290340 | B49: 자산처분(폐기)손실(*) | C49: 백만원 | D49: 3827 | E49: 3806 | F49: 2309 | G49: 4357 | H49: 14211 | I49: 4826 | J49: 11989 | K49: 2080 | L49: 7640 | M49: 4177 | N49: 13363 | O49: 5669 | P49: 2061 | Q49: 2759 | R49: 3176
A50: 4001290360 | B50: 자산손상차손(*) | C50: 백만원 | E50: 680 | F50: 582 | G50: 5430 | H50: 629 | I50: 9528 | J50: 1689 | K50: 9636 | L50: 2170 | M50: 370 | N50: 1070 | O50: 115 | P50: 155 | Q50: 3
A51: 4001280650 | B51: 기타대손상각비 | C51: 백만원 | D51: 76583 | E51: 50335 | F51: 26026 | G51: 30881 | H51: 57274 | I51: 66238 | J51: 75426 | K51: 139231 | L51: 47703 | M51: 20583 | N51: 12015 | O51: 67906 | P51: 50833 | Q51: 18969 | R51: 7733
A52: 4001290390 | B52: 기타(*) | C52: 백만원 | D52: 53300.766 | E52: 39849 | F52: 111331 | G52: 64670 | H52: 125693 | I52: 120687 | J52: 174856 | K52: 179805 | L52: 139603 | M52: 150747 | N52: 290463 | O52: 148490 | P52: 174761 | Q52: 221052 | R52: 390242
A53: 4001290640 | B53: 종속기업,공동지배기업및관계기업관련손익(*) | C53: 백만원 | D53: -1984.419 | E53: -16639 | F53: -11165 | G53: -12617 | H53: -13721 | I53: 602 | J53: -5920 | K53: -14910 | L53: -16443 | M53: -7719 | N53: -3254 | O53: -10558 | P53: -12673 | Q53: -5280 | R53: 5575
A54: 4001290650 | B54: 지분법손익(*) | C54: 백만원 | D54: -1984.419 | E54: -16639 | F54: -11165 | G54: -12617 | H54: -13721 | I54: 602 | J54: -5920 | K54: -14910 | L54: -16443 | M54: -7719 | N54: -3254 | O54: -10558 | P54: -12673 | Q54: -5280 | R54: 5575
A55: 4001212380 | B55: 법인세비용차감전계속사업이익 | C55: 백만원 | D55: 750248.9 | E55: 850657 | F55: 737010 | G55: 673199 | H55: 673017 | I55: 898137 | J55: 981478 | K55: 554829 | L55: 897862 | M55: 798931 | N55: 395574 | O55: 854101 | P55: 753815 | Q55: 939545 | R55: -985717
A56: 4001212390 | B56: 법인세비용 | C56: 백만원 | D56: 203217.6 | E56: 165518 | F56: 170050 | G56: 173810 | H56: 193677 | I56: 234359 | J56: 249765 | K56: 183265 | L56: 362559 | M56: 225600 | N56: 167877 | O56: 299724 | P56: 282939 | Q56: 285264 | R56: -219496
A57: 4001212420 | B57: 계속영업이익(손실) | C57: 백만원 | D57: 547031.3 | E57: 685139 | F57: 566960 | G57: 499389 | H57: 479340 | I57: 663778 | J57: 731713 | K57: 371564 | L57: 535303 | M57: 573331 | N57: 227697 | O57: 554377 | P57: 470876 | Q57: 654281 | R57: -766221
A58: 4001212450 | B58: 당기순이익(손실) | C58: 백만원 | D58: 547031.3 | E58: 685139 | F58: 566960 | G58: 499389 | H58: 479340 | I58: 663778 | J58: 731713 | K58: 371564 | L58: 535303 | M58: 573331 | N58: 227697 | O58: 554377 | P58: 470876 | Q58: 654281 | R58: -766221
A59: 4001220000 | B59: 기타포괄손익(*) | C59: 백만원 | D59: 83426.666 | E59: -183399 | F59: -114430 | G59: -100927 | H59: -25926 | I59: 37437 | J59: 110703 | K59: 72581 | L59: -207137 | M59: -33165 | N59: -90687 | O59: 156610 | P59: 144152 | Q59: -28254 | R59: 76421
A60: 4001220120 | B60: 총포괄손익 | C60: 백만원 | D60: 630457.96 | E60: 501740 | F60: 452530 | G60: 398462 | H60: 453414 | I60: 701215 | J60: 842416 | K60: 444145 | L60: 328166 | M60: 540166 | N60: 137010 | O60: 710987 | P60: 615028 | Q60: 626027 | R60: -689800
A61: 4001230000 | B61: (당기순손익귀속)지배기업주주지분 | C61: 백만원 | D61: 513092.87 | E61: 635352 | F61: 509856 | G61: 441071 | H61: 331292 | I61: 420991 | J61: 572112 | K61: 201697 | L61: 381606 | M61: 407428 | N61: 122322 | O61: 407508 | P61: 408886 | Q61: 535904 | R61: -168663
A62: 4001230030 | B62: (당기순손익귀속)비지배주주지분 | C62: 백만원 | D62: 33938.427 | E62: 49787 | F62: 57104 | G62: 58318 | H62: 148048 | I62: 242787 | J62: 159601 | K62: 169867 | L62: 153697 | M62: 165903 | N62: 105375 | O62: 146869 | P62: 61990 | Q62: 118377 | R62: -597558
... A66: 4001230130 | B66: (지배기업주주지분)주당순손익 | C66: 원 | D66: 4607 | E66: 5705 | F66: 4578 | G66: 3960 | H66: 2972 | I66: 3777 | J66: 5133 | K66: 1810 | L66: 3424 | M66: 3656 | N66: 1097 | O66: 3625 | P66: 3637 | Q66: 4767 | R66: -1501

Sheet BS(Y)
A3: Financial Statements
A4: Company | B4: A000720(현대건설) - Fiscal Month:12, 201103부터 IFRS 적용
A5: Type | B5: 연결 | C5: Accounting Std. | D5: IFRS
A6: Report | B6: 재무상태표 | C6: New
A7: Form | B7: 약식(COMPARE)
A8: Output | B8: 결산 | C8: 백만원
A9: Fiscal Year | B9: 2010 | C9: Current
A10: 계정코드 | B10: 계정명 | C10: 단위 | D10: 201012 | E10: 201112 | F10: 201212 | G10: 201312 | H10: 201412 | I10: 201512 | J10: 201612 | K10: 201712 | L10: 201812 | M10: 201912 | N10: 202012 | O10: 202112 | P10: 202212 | Q10: 202312 | R10: 202412
D11: IFRS(연결) | E11: IFRS(연결) | F11: IFRS(연결) | G11: IFRS(연결) | H11: IFRS(연결) | I11: IFRS(연결) | J11: IFRS(연결) | K11: IFRS(연결) | L11: IFRS(연결) | M11: IFRS(연결) | N11: IFRS(연결) | O11: IFRS(연결) | P11: IFRS(연결) | Q11: IFRS(연결) | R11: IFRS(연결)
A12: 4001190010 | B12: 자산(*) | C12: 백만원 | D12: 10996413 | E12: 11871889 | F12: 12746829 | G12: 14666501 | H12: 18244600 | I12: 19350103 | J12: 19873443 | K12: 18431902 | L12: 18054609 | M12: 18226972 | N12: 17939274 | O12: 19637264 | P12: 20911708 | Q12: 23714495 | R12: 27005385
A13: 4001190240 | B13: 유동자산(*) | C13: 백만원 | D13: 7872207.9 | E13: 8711302 | F13: 9610665 | G13: 11042820 | H13: 13441148 | I13: 14228424 | J13: 14937924 | K13: 13249840 | L13: 13336768 | M13: 13171993 | N13: 13398943 | O13: 14526404 | P13: 15516744 | Q13: 18613430 | R13: 21100663
A14: 4001190250 | B14: 재고자산(*) | C14: 백만원 | D14: 1334317.3 | E14: 1282738 | F14: 1128456 | G14: 1285689 | H14: 1336864 | I14: 1328564 | J14: 1199362 | K14: 2105517 | L14: 1947052 | M14: 1723425 | N14: 1125479 | O14: 718247 | P14: 855394 | Q14: 815625 | R14: 776511
A15: 4001190260 | B15: 유동생물자산(*) | C15: 백만원
A16: 4001190270 | B16: 유동금융자산(*) | C16: 백만원 | D16: 227810.84 | E16: 163614 | F16: 376505 | G16: 493521 | H16: 548843 | I16: 1241073 | J16: 1854123 | K16: 1556977 | L16: 2059789 | M16: 1968378 | N16: 2881625 | O16: 3273554 | P16: 1528836 | Q16: 1026490 | R16: 760790
A17: 4001190300 | B17: 매출채권및기타유동채권(*) | C17: 백만원 | D17: 3833630.6 | E17: 4422638 | F17: 5128108 | G17: 6405704 | H17: 7792969 | I17: 7980449 | J17: 7804575 | K17: 6178536 | L17: 5958665 | M17: 5768083 | N17: 5170168 | O17: 6521052 | P17: 7848789 | Q17: 10659313 | R17: 12100467
A18: 4001113900 | B18: 당기법인세자산(선급법인세) | C18: 백만원 | D18: 419.74651 | E18: 249 | F18: 93 | G18: 825 | H18: 4923 | I18: 2196 | J18: 4307 | K18: 3749 | L18: 4898 | M18: 3318 | N18: 4612 | O18: 7888 | P18: 5789 | Q18: 6663 | R18: 29567
A19: 4001180995 | B19: 계약자산(**) | C19: 백만원 | O19: 260 | P19: 260 | Q19: 260
A20: 4001113903 | B20: 반품(환불)자산 | C20: 백만원
A21: 4001113904 | B21: 배출권 | C21: 백만원
A22: 4001190340 | B22: 기타유동자산(*) | C22: 백만원 | D22: 735399 | E22: 980146 | F22: 1122644 | G22: 969317 | H22: 1215168 | I22: 1674923 | J22: 1925573 | K22: 1297819 | L22: 1125176 | M22: 1122782 | N22: 1030217 | O22: 1075982 | P22: 1303779 | Q22: 1899414 | R22: 2287386
A23: 4001190370 | B23: 현금및현금성자산(*) | C23: 백만원 | D23: 1740630.3 | E23: 1861917 | F23: 1854859 | G23: 1883560 | H23: 2542381 | I23: 1997405 | J23: 2149984 | K23: 2107242 | L23: 2241188 | M23: 2586007 | N23: 3186842 | O23: 2926856 | P23: 3973897 | Q23: 4205665 | R23: 5130372
A24: 4001114130 | B24: 매각예정비유동자산및처분자산집단(*) | C24: 백만원 | G24: 4204 | I24: 3814 | O24: 2565 | R24: 15570
A25: 4001190020 | B25: 비유동자산(*) | C25: 백만원 | D25: 3124205.2 | E25: 3160587 | F25: 3136164 | G25: 3623681 | H25: 4803452 | I25: 5121679 | J25: 4935519 | K25: 5182062 | L25: 4717841 | M25: 5054979 | N25: 4540331 | O25: 5110860 | P25: 5394964 | Q25: 5101065 | R25: 5904722
A26: 4001190030 | B26: 유형자산(*) | C26: 백만원 | D26: 1097146.3 | E26: 1120325 | F26: 1144030 | G26: 1638221 | H26: 1710644 | I26: 1754185 | J26: 1498089 | K26: 1398791 | L26: 1436574 | M26: 1419749 | N26: 967470 | O26: 1012128 | P26: 1048810 | Q26: 1204520 | R26: 1289154
A27: 4001190070 | B27: 무형자산(*) | C27: 백만원 | D27: 43468.704 | E27: 44275 | F27: 76780 | G27: 84646 | H27: 874253 | I27: 857312 | J27: 810336 | K27: 760228 | L27: 711198 | M27: 697843 | N27: 703436 | O27: 718280 | P27: 720626 | Q27: 724427 | R27: 750741
A28: 4001190110 | B28: 비유동생물자산(*) | C28: 백만원
A29: 4001190120 | B29: 투자부동산(*) | C29: 백만원 | D29: 30695.921 | E29: 1205 | F29: 26475 | G29: 64154 | H29: 176414 | I29: 165104 | J29: 390939 | K29: 394196 | L29: 371598 | M29: 382875 | N29: 373408 | O29: 354750 | P29: 444482 | Q29: 446367 | R29: 456522
A30: 4001190130 | B30: 장기금융자산(*) | C30: 백만원 | D30: 1299664 | E30: 1290662 | F30: 752684 | G30: 579220 | H30: 615775 | I30: 762438 | J30: 682134 | K30: 1044147 | L30: 513310 | M30: 609129 | N30: 949908 | O30: 1290847 | P30: 1468342 | Q30: 1130464 | R30: 1222068
A31: 4001111660 | B31: 관계기업등지분관련투자자산(*) | C31: 백만원 | D31: 119112.6 | E31: 84712 | F31: 99246 | G31: 128800 | H31: 124004 | I31: 107986 | J31: 128145 | K31: 79319 | L31: 45891 | M31: 62049 | N31: 68497 | O31: 87164 | P31: 88958 | Q31: 86608 | R31: 168064
A32: 4001190160 | B32: 장기매출채권및기타비유동채권(*) | C32: 백만원 | D32: 405868.69 | E32: 469678 | F32: 845139 | G32: 873233 | H32: 1029960 | I32: 1214115 | J32: 1171561 | K32: 1129406 | L32: 1267939 | M32: 1390274 | N32: 976527 | O32: 1100863 | P32: 1085757 | Q32: 1003101 | R32: 945076
A33: 4001112490 | B33: 이연법인세자산 | C33: 백만원 | D33: 55273.961 | E33: 81979 | F33: 154015 | G33: 193658 | H33: 171190 | I33: 135390 | J33: 124633 | K33: 251650 | L33: 252549 | M33: 258932 | N33: 252963 | O33: 277192 | P33: 248310 | Q33: 232146 | R33: 717126
A34: 4001112500 | B34: 장기당기법인세자산 | C34: 백만원
A35: 4001180575 | B35: 계약자산(**) | C35: 백만원
A36: 4001112503 | B36: 반품(환불)자산 | C36: 백만원
A37: 4001112504 | B37: 배출권 | C37: 백만원
A38: 4001190200 | B38: 기타비유동자산(*) | C38: 백만원 | D38: 72975 | E38: 67751 | F38: 37795 | G38: 61749 | H38: 101212 | I38: 125149 | J38: 129682 | K38: 124325 | L38: 118782 | M38: 234128 | N38: 248122 | O38: 269636 | P38: 289679 | Q38: 273432 | R38: 355971
A39: 4001112880 | B39: 기타금융업자산 | C39: 백만원
A40: 4001190440 | B40: 부채(*) | C40: 백만원 | D40: 7058031.6 | E40: 7508415 | F40: 7990893 | G40: 9532257 | H40: 11457294 | I40: 11959465 | J40: 11748798 | K40: 9958964 | L40: 9762753 | M40: 9511990 | N40: 9172896 | O40: 10207973 | P40: 10987431 | Q40: 13258980 | R40: 17335972
A41: 4001190610 | B41: 유동부채(*) | C41: 백만원 | D41: 5692071.9 | E41: 5772909 | F41: 6149756 | G41: 6909209 | H41: 8240763 | I41: 8575299 | J41: 8749576 | K41: 7219038 | L41: 6860875 | M41: 6770867 | N41: 6467725 | O41: 7613217 | P41: 8757397 | Q41: 10356647 | R41: 14663775
A42: 4001121700 | B42: 단기차입금(*) | C42: 백만원 | D42: 262177.11 | E42: 169672 | F42: 185900 | G42: 239094 | H42: 275595 | I42: 198536 | J42: 163407 | K42: 362580 | L42: 272242 | M42: 415114 | N42: 276697 | O42: 108786 | P42: 83142 | Q42: 248744 | R42: 744668
A43: 4001190620 | B43: 유동성장기부채(*) | C43: 백만원 | D43: 104028.82 | E43: 176935 | F43: 439399 | G43: 413978 | H43: 360945 | I43: 238528 | J43: 428436 | K43: 223621 | L43: 328612 | M43: 481351 | N43: 494987 | O43: 515091 | P43: 519361 | Q43: 354365 | R43: 1044694
A44: 4001190630 | B44: 유동금융부채(*) | C44: 백만원 | D44: 29375.173 | E44: 30528 | F44: 16487 | G44: 17890 | H44: 16338 | I44: 15820 | J44: 12287 | K44: 11112 | L44: 14493 | M44: 42064 | N44: 30409 | O44: 34285 | P44: 41815 | Q44: 41356 | R44: 142963
A45: 4001190660 | B45: 매입채무및기타유동채무(*) | C45: 백만원 | D45: 3477736.9 | E45: 3588045 | F45: 3774457 | G45: 4399306 | H45: 5169707 | I45: 5529651 | J45: 5986700 | K45: 5039141 | L45: 4930881 | M45: 4615316 | N45: 4736610 | O45: 5816424 | P45: 6806363 | Q45: 7714943 | R45: 9940085
A46: 4001122460 | B46: 기타단기충당부채(*) | C46: 백만원 | J46: 30 | K46: 546 | L46: 34066 | M46: 172805 | N46: 190940 | O46: 156287 | P46: 159759 | Q46: 306189 | R46: 724708
A47: 4001122560 | B47: 당기법인세부채(미지급법인세) | C47: 백만원 | D47: 162597.59 | E47: 89610 | F47: 125676 | G47: 73051 | H47: 14210 | I47: 76462 | J47: 139410 | K47: 155381 | L47: 40094 | M47: 65774 | N47: 46901 | O47: 220415 | P47: 116798 | Q47: 93683 | R47: 51164
A48: 4001190690 | B48: 기타유동부채(*) | C48: 백만원 | D48: 1656156.3 | E48: 1718119 | F48: 1607837 | G48: 1765890 | H48: 2403968 | I48: 2516302 | J48: 2019306 | K48: 1426657 | L48: 1240487 | M48: 978443 | N48: 691181 | O48: 761929 | P48: 1030159 | Q48: 1597367 | R48: 2015493
A49: 4001122680 | B49: 매각예정으로분류된처분자산집단에포함된부채(*) | C49: 백만원
A50: 4001190450 | B50: 비유동부채(*) | C50: 백만원 | D50: 1365959.7 | E50: 1735506 | F50: 1841137 | G50: 2623048 | H50: 3216531 | I50: 3384166 | J50: 2999222 | K50: 2739926 | L50: 2901878 | M50: 2741123 | N50: 2705171 | O50: 2594756 | P50: 2230034 | Q50: 2902333 | R50: 2672197
A51: 4001190460 | B51: 사채(*) | C51: 백만원 | D51: 548205.27 | E51: 897323 | F51: 847563 | G51: 1047146 | H51: 1346313 | I51: 1735733 | J51: 1536389 | K51: 1347463 | L51: 1347438 | M51: 1247435 | N51: 1536017 | O51: 1446183 | P51: 1017694 | Q51: 1207220 | R51: 928047
A52: 4001190470 | B52: 장기차입금(*) | C52: 백만원 | D52: 77705.064 | E52: 181197 | F52: 223380 | G52: 601358 | H52: 614570 | I52: 459873 | J52: 431693 | K52: 348102 | L52: 458363 | M52: 503417 | N52: 266197 | O52: 163871 | P52: 193531 | Q52: 563609 | R52: 598212
A53: 4001190480 | B53: 비유동금융부채(*) | C53: 백만원 | D53: 24383.575 | E53: 30792 | F53: 18415 | G53: 37262 | H53: 66066 | I53: 71042 | J53: 83349 | K53: 100094 | L53: 113404 | M53: 111507 | N53: 125844 | O53: 138288 | P53: 141282 | Q53: 128164 | R53: 185794
A54: 4001190500 | B54: 장기매입채무및기타비유동채무(*) | C54: 백만원 | D54: 296209.65 | E54: 243814 | F54: 227160 | G54: 335411 | H54: 424072 | I54: 524501 | J54: 452824 | K54: 450026 | L54: 425499 | M54: 394795 | N54: 306923 | O54: 282557 | P54: 277182 | Q54: 360027 | R54: 322773
A55: 4001190570 | B55: 비유동종업원급여충당부채(*) | C55: 백만원 | D55: 214144.91 | E55: 89176 | F55: 189585 | G55: 233786 | H55: 338759 | I55: 177686 | J55: 40539 | K55: 21555 | L55: 38325 | M55: 35774 | N55: 40015 | O55: 49373 | P55: 44047 | Q55: 50591 | R55: 70661
A56: 4001121280 | B56: 기타장기충당부채(*) | C56: 백만원 | D56: 192621.24 | E56: 279470 | F56: 322685 | G56: 351774 | H56: 405840 | I56: 387952 | J56: 429994 | K56: 404869 | L56: 451076 | M56: 388254 | N56: 360192 | O56: 463976 | P56: 500797 | Q56: 515090 | R56: 483103
A57: 4001121380 | B57: 이연법인세부채 | C57: 백만원 | F57: 125 | G57: 3397 | H57: 3721 | I57: 2912 | J57: 4187 | K57: 10380 | L57: 8357 | M57: 3185 | N57: 13633 | O57: 3057 | P57: 5819 | Q57: 20049 | R57: 31608
A58: 4001181370 | B58: 장기당기법인세부채(미지급법인세)(**) | C58: 백만원
A59: 4001121401 | B59: 계약부채 | C59: 백만원
A60: 4001121402 | B60: 반품(환불)부채 | C60: 백만원
A61: 4001121403 | B61: 배출부채 | C61: 백만원
A62: 4001190580 | B62: 기타비유동부채(*) | C62: 백만원 | D62: 12690 | E62: 13734 | F62: 12224 | G62: 12914 | H62: 17190 | I62: 24467 | J62: 20247 | K62: 57437 | L62: 59416 | M62: 56756 | N62: 56350 | O62: 47451 | P62: 49682 | Q62: 57583 | R62: 51999
A63: 4001121620 | B63: 기타금융업부채 | C63: 백만원
A64: 4001190380 | B64: 자본(*) | C64: 백만원 | D64: 3938381.5 | E64: 4363474 | F64: 4755936 | G64: 5134244 | H64: 6787306 | I64: 7390638 | J64: 8124645 | K64: 8472938 | L64: 8291856 | M64: 8714982 | N64: 8766378 | O64: 9429291 | P64: 9924277 | Q64: 10455515 | R64: 9669413
A65: 4001130010 | B65: *수권주식수 | C65: 주 | D65: 7000000000 | E65: 7000000000 | F65: 7000000000 | G65: 7000000000 | H65: 7000000000 | I65: 7000000000 | J65: 7000000000 | K65: 7000000000 | L65: 7000000000 | M65: 7000000000 | N65: 7000000000 | O65: 7000000000 | P65: 7000000000 | Q65: 7000000000 | R65: 7000000000
A66: 4001130020 | B66: *주당액면가액 | C66: 원 | D66: 5000 | E66: 5000 | F66: 5000 | G66: 5000 | H66: 5000 | I66: 5000 | J66: 5000 | K66: 5000 | L66: 5000 | M66: 5000 | N66: 5000 | O66: 5000 | P66: 5000 | Q66: 5000 | R66: 5000
A67: 4001130030 | B67: *발행한주식총수(*) | C67: 주 | D67: 111454621 | E67: 111454621 | F67: 111454621 | G67: 111454621 | H67: 111454621 | I67: 111454621 | J67: 111454621 | K67: 111454621 | L67: 111454621 | M67: 111454621 | N67: 111454621 | O67: 112410458 | P67: 112410458 | Q67: 112410458 | R67: 112410458
A68: 4001130040 | B68: *보통주 | C68: 주 | D68: 111355765 | E68: 111355765 | F68: 111355765 | G68: 111355765 | H68: 111355765 | I68: 111355765 | J68: 111355765 | K68: 111355765 | L68: 111355765 | M68: 111355765 | N68: 111355765 | O68: 111355765 | P68: 111355765 | Q68: 111355765 | R68: 111355765
A69: 4001130050 | B69: *우선주 | C69: 주 | D69: 98856 | E69: 98856 | F69: 98856 | G69: 98856 | H69: 98856 | I69: 98856 | J69: 98856 | K69: 98856 | L69: 98856 | M69: 98856 | N69: 98856 | O69: 1054693 | P69: 1054693 | Q69: 1054693 | R69: 1054693
A70: 4001190390 | B70: 지배기업주주지분(*) | C70: 백만원 | D70: 3827806.2 | E70: 4203075 | F70: 4548542 | G70: 4822604 | H70: 5291515 | I70: 5720294 | J70: 6329025 | K70: 6467646 | L70: 6274094 | M70: 6662556 | N70: 6631752 | O70: 7216737 | P70: 7686677 | Q70: 8136651 | R70: 8025410
A71: 4001130070 | B71: 자본금(*) | C71: 백만원 | D71: 557273.1 | E71: 557273 | F71: 557273 | G71: 557273 | H71: 557273 | I71: 557273 | J71: 557273 | K71: 557273 | L71: 557273 | M71: 557273 | N71: 557273 | O71: 562052 | P71: 562052 | Q71: 562052 | R71: 562052
A72: 4001130670 | B72: 신종자본증권 | C72: 백만원
A73: 4001190400 | B73: 자본잉여금(*) | C73: 백만원 | D73: 828180.76 | E73: 828181 | F73: 830340 | G73: 830581 | H73: 1028803 | I73: 1039685 | J73: 1039685 | K73: 1032412 | L73: 1003641 | M73: 1019475 | N73: 1019169 | O73: 1098158 | P73: 1095324 | Q73: 1095324 | R73: 1095310
A74: 4001190420 | B74: 기타자본(*) | C74: 백만원 | D74: -5372 | E74: -5372 | F74: -4166 | G74: -4261 | H74: -4261 | I74: -4261 | J74: -4261 | K74: -4261 | L74: -5711 | M74: -5711 | N74: -5711 | O74: -5711 | P74: -5711 | Q74: -5711 | R74: -5711
A75: 4001130360 | B75: 기타포괄손익누계액(*) | C75: 백만원 | D75: 307929.28 | E75: 148268 | F75: 85856 | G75: -20520 | H75: 11366 | I75: 40406 | J75: 114516 | K75: 68973 | L75: -267546 | M75: -233700 | N75: -239802 | O75: -77723 | P75: 25873 | Q75: 64766 | R75: 243529
A76: 4001130470 | B76: 이익잉여금(결손금)(*) | C76: 백만원 | D76: 2139795 | E76: 2674725 | F76: 3079239 | G76: 3459531 | H76: 3698334 | I76: 4087191 | J76: 4621812 | K76: 4813249 | L76: 4986437 | M76: 5325219 | N76: 5300823 | O76: 5639961 | P76: 6009139 | Q76: 6420220 | R76: 6130230
A77: 4001130640 | B77: 비지배주주지분 | C77: 백만원 | D77: 110575.33 | E77: 160399 | F77: 207394 | G77: 311640 | H77: 1495791 | I77: 1670344 | J77: 1795620 | K77: 2005292 | L77: 2017762 | M77: 2052426 | N77: 2134626 | O77: 2212554 | P77: 2237600 | Q77: 2318864 | R77: 1644003

Sheet CF(Y)
A3: Financial Statements
A4: Company | B4: A000720(현대건설) - Fiscal Month:12, 201103부터 IFRS 적용
A5: Type | B5: 연결 | C5: Accounting Std. | D5: IFRS
A6: Report | B6: 현금흐름표 | C6: New
A7: Form | B7: 약식(COMPARE)
A8: Output | B8: 결산 | C8: 백만원
A9: Fiscal Year | B9: 2010 | C9: Current
A10: 계정코드 | B10: 계정명 | C10: 단위 | D10: 201012 | E10: 201112 | F10: 201212 | G10: 201312 | H10: 201412 | I10: 201512 | J10: 201612 | K10: 201712 | L10: 201812 | M10: 201912 | N10: 202012 | O10: 202112 | P10: 202212 | Q10: 202312 | R10: 202412
D11: IFRS(연결) | E11: IFRS(연결) | F11: IFRS(연결) | G11: IFRS(연결) | H11: IFRS(연결) | I11: IFRS(연결) | J11: IFRS(연결) | K11: IFRS(연결) | L11: IFRS(연결) | M11: IFRS(연결) | N11: IFRS(연결) | O11: IFRS(연결) | P11: IFRS(연결) | Q11: IFRS(연결) | R11: IFRS(연결)
A12: 4001390000 | B12: 영업활동으로인한현금흐름(간접법)(*) | C12: 백만원 | D12: 679751.16 | E12: -155752 | F12: 28135 | G12: 117468 | H12: 426038 | I12: 596001 | J12: 1086520 | K12: 514404 | L12: 249524 | M12: 478916 | N12: 1729721 | O12: 1009401 | P12: -143474 | Q12: -714716 | R12: -118800
A13: 4001310010 | B13: *(직접법)총현금유입(*) | C13: 백만원
A14: 4001310100 | B14: *(직접법)총현금유출(*) | C14: 백만원
A15: 4001310190 | B15: 당기순손익 | C15: 백만원 | D15: 547031.3 | E15: 685139 | F15: 566960 | G15: 499389 | H15: 479340 | I15: 663778 | J15: 731713 | K15: 371564 | L15: 535303 | M15: 573331 | N15: 227697 | O15: 554377 | P15: 470876 | Q15: 654280 | R15: -766221
A16: 4001310200 | B16: 법인세비용차감전계속사업이익 | C16: 백만원
A17: 4001390010 | B17: 현금유출이없는비용등가산(*) | C17: 백만원 | D17: 745888.24 | E17: 763950 | F17: 689052 | G17: 660230 | H17: 921247 | I17: 1109920 | J17: 1196431 | K17: 1344703 | L17: 1026125 | M17: 982401 | N17: 955776 | O17: 1192079 | P17: 1065328 | Q17: 1104007 | R17: 1353699
A18: 4001390040 | B18: (현금유입이없는수익등차감)(*) | C18: 백만원 | D18: 208219.16 | E18: 309320 | F18: 249436 | G18: 276985 | H18: 265899 | I18: 342982 | J18: 335008 | K18: 294724 | L18: 392643 | M18: 296247 | N18: 319691 | O18: 465394 | P18: 595664 | Q18: 547420 | R18: 1095805
A19: 4001390060 | B19: 영업활동으로인한자산부채변동(운전자본변동)(*) | C19: 백만원 | D19: -206007.15 | E19: -1110272 | F19: -812957 | G19: -530987 | H19: -403943 | I19: -668491 | J19: -292198 | K19: -630656 | L19: -489800 | M19: -652029 | N19: 1010745 | O19: -162480 | P19: -827056 | Q19: -1816344 | R19: 588000
A20: 4001390070 | B20: 자산의감소(증가)(*) | C20: 백만원 | D20: -872620.59 | E20: -565761 | F20: -738763 | G20: -1366114 | H20: -816935 | I20: -1005027 | J20: 236699 | K20: 1605499 | L20: -3172 | M20: -179893 | N20: 1328781 | O20: -1551930 | P20: -2073052 | Q20: -3356045 | R20: -1784501
A21: 4001390110 | B21: 부채의증가(감소)(*) | C21: 백만원 | D21: 663995.48 | E21: -552737 | F21: 4302 | G21: 878817 | H21: 363285 | I21: 287104 | J21: -575775 | K21: -2076803 | L21: -394062 | M21: -555708 | N21: -77528 | O21: 1225011 | P21: 1074553 | Q21: 1397297 | R21: 2073478
A22: 4001312260 | B22: 정부보조금등의변동 | C22: 백만원
A23: 4001312270 | B23: 기타운전자본의변동 | C23: 백만원 | D23: 2617.959 | E23: 8226 | F23: -78496 | G23: -43690 | H23: 49707 | I23: 49432 | J23: 46878 | K23: -159352 | L23: -92566 | M23: 83572 | N23: -240508 | O23: 164439 | P23: 171443 | Q23: 142404 | R23: 299023
A24: 4001312280 | B24: *영업에서창출된현금흐름 | C24: 백만원 | D24: 878693.23 | E24: 29497 | F24: 193619 | G24: 351647 | H24: 730745 | I24: 762225 | J24: 1300938 | K24: 790887 | L24: 678985 | M24: 607456 | N24: 1874527 | O24: 1118582 | P24: 113484 | Q24: -605477 | R24: 79673
A25: 4001312290 | B25: 이자수입 | C25: 백만원 | D25: 51157.048 | E25: 60756 | F25: 62539 | G25: 58787 | H25: 67849 | I25: 68662 | J25: 80557 | K25: 90198 | L25: 104925 | M25: 127411 | N25: 103177 | O25: 88330 | P25: 151299 | Q25: 168153 | R25: 222866
A26: 4001312300 | B26: 이자지급(-) | C26: 백만원 | D26: -49831.53 | E26: -40024 | F26: -57548 | G26: -65745 | H26: -102986 | I26: -101076 | J26: -96277 | K26: -96092 | L26: -86690 | M26: -76583 | N26: -70454 | O26: -55577 | P26: -43434 | Q26: -58470 | R26: -97623
A27: 4001312310 | B27: 배당금수입 | C27: 백만원 | D27: 52959.949 | E27: 23235 | F27: 1451 | G27: 4379 | H27: 2787 | I27: 8720 | J27: 1800 | K27: 12757 | L27: 2593 | M27: 7731 | N27: 1485 | O27: 2357 | P27: 6119 | Q27: 25670 | R27: 2914
A28: 4001312320 | B28: 배당금지급(-) | C28: 백만원
A29: 4001312330 | B29: 법인세환입 | C29: 백만원
A30: 4001312340 | B30: 법인세납부(-) | C30: 백만원 | D30: -253227.53 | E30: -229216 | F30: -171926 | G30: -231600 | H30: -272357 | I30: -142530 | J30: -200498 | K30: -283346 | L30: -450289 | M30: -187099 | N30: -179014 | O30: -144291 | P30: -370942 | Q30: -244592 | R30: -326630
A31: 4001312350 | B31: 중단영업관련현금흐름 | C31: 백만원
A32: 4001390160 | B32: 투자활동으로인한현금흐름(*) | C32: 백만원 | D32: -238100.92 | E32: -68725 | F32: -208077 | G32: -221228 | H32: 324555 | I32: -1173812 | J32: -775201 | K32: -16252 | L32: -92043 | M32: -151156 | N32: -1219172 | O32: -798316 | P32: 1853258 | Q32: 562566 | R32: 211699
A33: 4001390170 | B33: 투자활동으로인한현금유입액(*) | C33: 백만원 | D33: 472172.66 | E33: 360807 | F33: 494387 | G33: 625796 | H33: 850530 | I33: 570949 | J33: 1666458 | K33: 2574610 | L33: 2024505 | M33: 2082493 | N33: 4400948 | O33: 4584861 | P33: 5269739 | Q33: 2552865 | R33: 1468555
A34: 4001390270 | B34: (투자활동으로인한현금유출액)(*) | C34: 백만원 | D34: 710273.58 | E34: 429532 | F34: 702464 | G34: 847024 | H34: 525975 | I34: 1744761 | J34: 2441659 | K34: 2590862 | L34: 2116548 | M34: 2233649 | N34: 5620120 | O34: 5383177 | P34: 3416481 | Q34: 1990299 | R34: 1256856
A35: 4001321350 | B35: 이자수입 | C35: 백만원
A36: 4001321360 | B36: 이자지급(-) | C36: 백만원
A37: 4001321370 | B37: 배당금수입 | C37: 백만원
A38: 4001321380 | B38: 배당금지급(-) | C38: 백만원
A39: 4001321390 | B39: 법인세환입 | C39: 백만원
A40: 4001321400 | B40: 법인세납부(-) | C40: 백만원
A41: 4001321410 | B41: 중단영업관련현금흐름 | C41: 백만원
A42: 4001390370 | B42: 재무활동으로인한현금흐름(*) | C42: 백만원 | D42: -75301.07 | E42: 345077 | F42: 185506 | G42: 134544 | H42: -80221 | I42: 30709 | J42: -176854 | K42: -380936 | L42: -37290 | M42: 15264 | N42: 95488 | O42: -492604 | P42: -658184 | Q42: 365989 | R42: 733741
A43: 4001390380 | B43: 재무활동으로인한현금유입액(*) | C43: 백만원 | D43: 1307193.1 | E43: 1297616 | F43: 1784086 | G43: 2618669 | H43: 2638687 | I43: 1456878 | J43: 860010 | K43: 1088637 | L43: 692498 | M43: 1050064 | N43: 1468471 | O43: 590984 | P43: 135708 | Q43: 1152946 | R43: 1471483
A44: 4001390470 | B44: (재무활동으로인한현금유출액)(*) | C44: 백만원 | D44: 1314158.8 | E44: 872827 | F44: 1538828 | G44: 2423774 | H44: 2615254 | I44: 1317049 | J44: 928461 | K44: 1360968 | L44: 622878 | M44: 927042 | N44: 1240924 | O44: 951746 | P44: 678932 | Q44: 692202 | R44: 642860
A45: 4001330680 | B45: 이자수입 | C45: 백만원
A46: 4001330690 | B46: 이자지급(-) | C46: 백만원
A47: 4001330700 | B47: 배당금수입 | C47: 백만원
A48: 4001330710 | B48: 배당금지급(-) | C48: 백만원 | D48: -68335.358 | E48: -79712 | F48: -59752 | G48: -60351 | H48: -103654 | I48: -109120 | J48: -108403 | K48: -108605 | L48: -106910 | M48: -107758 | N48: -132059 | O48: -131842 | P48: -114960 | Q48: -94755 | R48: -94882
A49: 4001330720 | B49: 법인세환입 | C49: 백만원
A50: 4001330730 | B50: 법인세납부(-) | C50: 백만원
A51: 4001330740 | B51: 중단영업관련현금흐름 | C51: 백만원
A52: 4001340000 | B52: 영업투자재무활동기타현금흐름 | C52: 백만원
A53: 4001340010 | B53: 연결범위변동으로인한현금의증가 | C53: 백만원 | K53: 5137 | L53: 147
A54: 4001340020 | B54: 환율변동효과 | C54: 백만원 | D54: -8522.9499 | E54: 687 | F54: -12622 | G54: -2083 | H54: -11551 | I54: 2126 | J54: 18114 | K54: -165095 | L54: 13608 | M54: 1795 | N54: -5202 | O54: 21533 | P54: -4559 | Q54: 17929 | R54: 98067
A55: 4001340030 | B55: 현금및현금성자산의증가 | C55: 백만원 | D55: 357826.22 | E55: 121287 | F55: -7058 | G55: 28701 | H55: 658821 | I55: -544976 | J55: 152579 | K55: -42742 | L55: 133946 | M55: 344819 | N55: 600835 | O55: -259986 | P55: 1047041 | Q55: 231768 | R55: 924707
A56: 4001340040 | B56: 기초현금및현금성자산 | C56: 백만원 | D56: 1382804.1 | E56: 1740630 | F56: 1861917 | G56: 1854859 | H56: 1883560 | I56: 2542381 | J56: 1997405 | K56: 2149984 | L56: 2107242 | M56: 2241188 | N56: 2586007 | O56: 3186842 | P56: 2926856 | Q56: 3973897 | R56: 4205665
A57: 4001340050 | B57: 기말현금및현금성자산 | C57: 백만원 | D57: 1740630.3 | E57: 1861917 | F57: 1854859 | G57: 1883560 | H57: 2542381 | I57: 1997405 | J57: 2149984 | K57: 2107242 | L57: 2241188 | M57: 2586007 | N57: 3186842 | O57: 2926856 | P57: 3973897 | Q57: 4205665 | R57: 5130372
